date,rawContent,processed_content,tokenized_content
2023-03-23 15:46:29+00:00,I'd still say all seasons except season 8,id still say season except season 8,"['id', 'still', 'say', 'season', 'except', 'season', '8']"
2023-03-14 23:13:15+00:00,la cuarta y la sexta sÃ­ o sÃ­,la cuarta la sexta sÃ­ sÃ­,"['la', 'cuarta', 'la', 'sexta', 'sÃ­', 'sÃ­']"
2023-03-13 16:18:20+00:00,Season 4 &amp; 6,season 4 amp 6,"['season', '4', 'amp', '6']"
2023-03-12 17:32:58+00:00,"1,3 e 4 o resto Ã© trash",13 e 4 resto Ã© trash,"['13', 'e', '4', 'resto', 'Ã©', 'trash']"
2023-03-12 14:47:37+00:00,O poster da segunda e da sÃ©tima Ã© putaria,poster da segunda e da sÃ©tima Ã© putaria,"['poster', 'da', 'segunda', 'e', 'da', 'sÃ©tima', 'Ã©', 'putaria']"
2023-03-11 15:24:49+00:00,S4 is the best season,s4 best season,"['s4', 'best', 'season']"
2023-03-10 12:01:15+00:00,"Season 1 to season 4ğŸŒŸğŸŒŸ , a 100 times(tho I've watched only onceğŸ˜”)!!! fcking peak fiction, unparalleled, undefeatedğŸ”¥ğŸ”¥ğŸ”¥",season 1 season 4 100 timestho ive watch fcking peak fiction unparallel undef,"['season', '1', 'season', '4', '100', 'timestho', 'ive', 'watch', 'fcking', 'peak', 'fiction', 'unparallel', 'undef']"
2023-03-09 14:54:56+00:00,1-5,15,['15']
2023-03-09 02:08:07+00:00,season 4,season 4,"['season', '4']"
2023-03-08 15:48:22+00:00,"Season 4 
Season 6
Season 3
Season 2
Season 1
Season 5
Season 7 tho aapesaru 8 kuda teesi unte bagunnu",season 4 season 6 season 3 season 2 season 1 season 5 season 7 tho aapesaru 8 kuda teesi unt bagunnu,"['season', '4', 'season', '6', 'season', '3', 'season', '2', 'season', '1', 'season', '5', 'season', '7', 'tho', 'aapesaru', '8', 'kuda', 'teesi', 'unt', 'bagunnu']"
2023-03-08 03:09:31+00:00,Alla'Dem!,alladem,['alladem']
2023-03-07 10:48:11+00:00,T7,t7,['t7']
2023-03-07 10:21:03+00:00,Season 3 without question,season 3 without question,"['season', '3', 'without', 'question']"
2023-03-07 10:20:50+00:00,Season 3-4,season 34,"['season', '34']"
2023-03-07 10:03:25+00:00,3-4-5-6 aucune saison de sÃ©rie ne fera mieux dans l'histoire de l'humanitÃ©,3456 aucun saison de sÃ©rie ne fera mieux dan lhistoir de lhumanitÃ©,"['3456', 'aucun', 'saison', 'de', 'sÃ©rie', 'ne', 'fera', 'mieux', 'dan', 'lhistoir', 'de', 'lhumanitÃ©']"
2023-03-07 08:19:14+00:00,1-7,17,['17']
2023-03-07 02:08:08+00:00,season 6 imo,season 6 imo,"['season', '6', 'imo']"
2023-03-07 00:16:42+00:00,top row is perfection no filler every single scene is relevant and meaningful i could acc go on and on,top row perfect filler everi singl scene relev meaning could acc go,"['top', 'row', 'perfect', 'filler', 'everi', 'singl', 'scene', 'relev', 'meaning', 'could', 'acc', 'go']"
2023-03-06 23:40:20+00:00,Season 3 is good but season 4 is just insane,season 3 good season 4 insan,"['season', '3', 'good', 'season', '4', 'insan']"
2023-03-06 23:04:12+00:00,4-6.,46,['46']
2023-03-06 21:07:18+00:00,"æƒæ¸¸æ˜¯æˆ‘çœ‹è¿‡æœ€å¥½çœ‹çš„ç¾å‰§ã€‚
æˆ‘æœ€å–œæ¬¢çš„ç”·æ€§è§’è‰²æ˜¯è©¹å§†ã€‚
æœ€å–œæ¬¢çš„å¥³æ€§è§’è‰²æ˜¯äºŒä¸«å’Œå°ç«ç‘°ã€‚
æœ€å–œæ¬¢çš„CPæ˜¯è©¹ç‘Ÿã€‚
å–œæ¬¢ä»–ä»¬æ­»å‰ç›¸æ‹¥è¯´ï¼šè¿™ä¸–é—´ä»€ä¹ˆéƒ½ä¸é‡è¦ï¼Œé‡è¦çš„åªæœ‰ä½ è·Ÿæˆ‘ã€‚
è®¨åŒå‘†é€¼é›ªè¯ºå’Œå¼€æŒ‚é¾™å¦ˆã€‚
ä½ ä»¬å‘¢ï¼Ÿ",æƒæ¸¸æ˜¯æˆ‘çœ‹è¿‡æœ€å¥½çœ‹çš„ç¾å‰§ æˆ‘æœ€å–œæ¬¢çš„ç”·æ€§è§’è‰²æ˜¯è©¹å§† æœ€å–œæ¬¢çš„å¥³æ€§è§’è‰²æ˜¯äºŒä¸«å’Œå°ç«ç‘° æœ€å–œæ¬¢çš„cpæ˜¯è©¹ç‘Ÿ å–œæ¬¢ä»–ä»¬æ­»å‰ç›¸æ‹¥è¯´è¿™ä¸–é—´ä»€ä¹ˆéƒ½ä¸é‡è¦é‡è¦çš„åªæœ‰ä½ è·Ÿæˆ‘ è®¨åŒå‘†é€¼é›ªè¯ºå’Œå¼€æŒ‚é¾™å¦ˆ ä½ ä»¬å‘¢,"['æƒæ¸¸æ˜¯æˆ‘çœ‹è¿‡æœ€å¥½çœ‹çš„ç¾å‰§', 'æˆ‘æœ€å–œæ¬¢çš„ç”·æ€§è§’è‰²æ˜¯è©¹å§†', 'æœ€å–œæ¬¢çš„å¥³æ€§è§’è‰²æ˜¯äºŒä¸«å’Œå°ç«ç‘°', 'æœ€å–œæ¬¢çš„cpæ˜¯è©¹ç‘Ÿ', 'å–œæ¬¢ä»–ä»¬æ­»å‰ç›¸æ‹¥è¯´è¿™ä¸–é—´ä»€ä¹ˆéƒ½ä¸é‡è¦é‡è¦çš„åªæœ‰ä½ è·Ÿæˆ‘', 'è®¨åŒå‘†é€¼é›ªè¯ºå’Œå¼€æŒ‚é¾™å¦ˆ', 'ä½ ä»¬å‘¢']"
2023-03-06 20:53:31+00:00,"Season 4
Ø£Ù‚Ø³Ù… Ø¨Ø§Ù„Ù„Ù‡ Ù„Ø§ ÙŠÙÙ‚Ø§Ø±Ù† Ù…Ø¹ Ø£ÙŠ Ø­Ø§Ø¬Ø© ØªØ§Ù†ÙŠØ© ÙØ§Ù„Ø¹Ø§Ù„Ù…",season 4 Ø£Ù‚Ø³Ù… Ø¨Ø§Ù„Ù„Ù‡ Ù„Ø§ ÙŠÙ‚Ø§Ø±Ù† Ù…Ø¹ Ø£ÙŠ Ø­Ø§Ø¬Ø© ØªØ§Ù†ÙŠØ© ÙØ§Ù„Ø¹Ø§Ù„Ù…,"['season', '4', 'Ø£Ù‚Ø³Ù…', 'Ø¨Ø§Ù„Ù„Ù‡', 'Ù„Ø§', 'ÙŠÙ‚Ø§Ø±Ù†', 'Ù…Ø¹', 'Ø£ÙŠ', 'Ø­Ø§Ø¬Ø©', 'ØªØ§Ù†ÙŠØ©', 'ÙØ§Ù„Ø¹Ø§Ù„Ù…']"
2023-03-06 20:05:46+00:00,1Î·&gt;&gt;&gt;,1Î·gtgtgt,['1Î·gtgtgt']
2023-03-06 19:33:23+00:00,"1-6. specifically 1-4. specifically 4. 

but since i canâ€™t get to S4 without watching 1-3 iâ€™ll refer you back to a previous answer: S1-4",16 specif 14 specif 4 sinc cant get s4 without watch 13 ill refer back previou answer s14,"['16', 'specif', '14', 'specif', '4', 'sinc', 'cant', 'get', 's4', 'without', 'watch', '13', 'ill', 'refer', 'back', 'previou', 'answer', 's14']"
2023-03-06 18:55:07+00:00,La 4 y la 6,la 4 la 6,"['la', '4', 'la', '6']"
2023-03-06 18:47:30+00:00,"6, easy",6 easi,"['6', 'easi']"
2023-03-06 17:59:20+00:00,"None, i was traumatized",none traumat,"['none', 'traumat']"
2023-03-06 17:21:31+00:00,La 4 y la 6 sin dudasssss,la 4 la 6 sin dudasssss,"['la', '4', 'la', '6', 'sin', 'dudasssss']"
2023-03-06 16:52:12+00:00,s4,s4,['s4']
2023-03-06 16:47:09+00:00,Anyone who doesnt say season 4 is objectively wrong,anyon doesnt say season 4 object wrong,"['anyon', 'doesnt', 'say', 'season', '4', 'object', 'wrong']"
2023-03-06 16:34:30+00:00,Pour moi la saison 4 sans aucune hÃ©sitation.,pour moi la saison 4 san aucun hÃ©sitat,"['pour', 'moi', 'la', 'saison', '4', 'san', 'aucun', 'hÃ©sitat']"
2023-03-06 16:31:35+00:00,"A primeira, a terceira e a quarta",primeira terceira e quarta,"['primeira', 'terceira', 'e', 'quarta']"
2023-03-06 16:26:41+00:00,Non that ending ruined it I havenâ€™t watch an episode since the finale.,non end ruin havent watch episod sinc final,"['non', 'end', 'ruin', 'havent', 'watch', 'episod', 'sinc', 'final']"
2023-03-06 16:21:26+00:00,Definitely not 7 &amp; 8 lol,definit 7 amp 8 lol,"['definit', '7', 'amp', '8', 'lol']"
2023-03-06 16:15:01+00:00,def not season 8,def season 8,"['def', 'season', '8']"
2023-03-06 16:13:17+00:00,"3
4
1
2
6
5
7
8",3 4 1 2 6 5 7 8,"['3', '4', '1', '2', '6', '5', '7', '8']"
2023-03-06 16:08:41+00:00,All of them ğŸ”¥ğŸ”¥,,[]
2023-03-06 16:06:21+00:00,A sexta sem discussÃ£o,sexta sem discussÃ£o,"['sexta', 'sem', 'discussÃ£o']"
2023-03-06 16:04:38+00:00,6th.,6th,['6th']
2023-03-06 16:03:11+00:00,Season 4-6 *chefs kiss*,season 46 chef kiss,"['season', '46', 'chef', 'kiss']"
2023-03-06 16:02:03+00:00,"Entre la saison 3 et 6, cette pÃ©riode c'est trop l'apogÃ©e de la sÃ©rie Ã  mes yeux mÃªme si les saisons 1,2 et 7 sont trÃ¨s bien aussi",entr la saison 3 et 6 cett pÃ©riod cest trop lapogÃ© de la sÃ©rie Ã  me yeux mÃªme si le saison 12 et 7 sont trÃ¨ bien aussi,"['entr', 'la', 'saison', '3', 'et', '6', 'cett', 'pÃ©riod', 'cest', 'trop', 'lapogÃ©', 'de', 'la', 'sÃ©rie', 'Ã ', 'me', 'yeux', 'mÃªme', 'si', 'le', 'saison', '12', 'et', '7', 'sont', 'trÃ¨', 'bien', 'aussi']"
2023-03-06 15:59:31+00:00,When I say none of them https://t.co/ZknZVsUWfg,say none httpstcozknzvsuwfg,"['say', 'none', 'httpstcozknzvsuwfg']"
2023-03-06 15:58:26+00:00,LA TERZA in realtÃ  le prime quattro ma LA TERZA,la terza realtÃ  le prime quattro la terza,"['la', 'terza', 'realtÃ ', 'le', 'prime', 'quattro', 'la', 'terza']"
2023-03-06 15:46:15+00:00,fico em dÃºvida entre a 4Â° e a 6Â°,fico em dÃºvida entr 4 e 6,"['fico', 'em', 'dÃºvida', 'entr', '4', 'e', '6']"
2023-03-06 15:42:36+00:00,Eu amo assistir a 7 mesmo com as incoerÃªncias pq tem jonerys e a Dany botando pra fuder em Westeros,eu amo assistir 7 mesmo com incoerÃªncia pq tem joneri e dani botando pra fuder em westero,"['eu', 'amo', 'assistir', '7', 'mesmo', 'com', 'incoerÃªncia', 'pq', 'tem', 'joneri', 'e', 'dani', 'botando', 'pra', 'fuder', 'em', 'westero']"
2023-03-06 15:33:36+00:00,"6 
Obvi ğŸ¤·â€â™‚ï¸",6 obvi,"['6', 'obvi']"
2023-03-06 15:32:40+00:00,the first four,first four,"['first', 'four']"
2023-03-06 15:31:19+00:00,toutes,tout,['tout']
2023-03-06 15:21:22+00:00,4-6-7,467,['467']
2023-03-06 15:14:42+00:00,à¸‹à¸µà¸‹à¸±à¹ˆà¸™ 8 à¸ˆà¹‰à¸² ğŸ˜…,à¸‹à¸‹à¸™ 8 à¸ˆà¸²,"['à¸‹à¸‹à¸™', '8', 'à¸ˆà¸²']"
2023-03-06 15:14:17+00:00,La 4 &amp; 5,la 4 amp 5,"['la', '4', 'amp', '5']"
2023-03-06 15:11:22+00:00,"A tie between s3 and s4. Our Queen and saviour Daenerys conquering The Slaverâ€™s Bay, Lannisters family drama, Tyrellâ€™s cunning schemes, Overton being amazing. 
GOT was great back then",tie s3 s4 queen saviour daeneri conquer slaver bay lannist famili drama tyrel cun scheme overton amaz got great back,"['tie', 's3', 's4', 'queen', 'saviour', 'daeneri', 'conquer', 'slaver', 'bay', 'lannist', 'famili', 'drama', 'tyrel', 'cun', 'scheme', 'overton', 'amaz', 'got', 'great', 'back']"
2023-03-06 15:01:43+00:00,nenhuma,nenhuma,['nenhuma']
2023-03-06 15:01:32+00:00,Season 1-4. Some episodes on season 7. Idk man it's still hurts the way it went downhill,season 14 episod season 7 idk man still hurt way went downhil,"['season', '14', 'episod', 'season', '7', 'idk', 'man', 'still', 'hurt', 'way', 'went', 'downhil']"
2023-03-06 14:56:11+00:00,todas,toda,['toda']
2023-03-06 14:52:02+00:00,Toss up between 3 and 4 for me,toss 3 4,"['toss', '3', '4']"
2023-03-06 14:40:17+00:00,S6 E 9&amp;10,s6 e 9amp10,"['s6', 'e', '9amp10']"
2023-03-06 14:36:56+00:00,"Season 1 , 2 &amp;&amp; 6",season 1 2 ampamp 6,"['season', '1', '2', 'ampamp', '6']"
2023-03-06 14:36:18+00:00,Season 6,season 6,"['season', '6']"
2023-03-06 14:35:55+00:00,6,6,['6']
2023-03-06 14:35:48+00:00,s4 es simplemente la. temporada,s4 es simplement la temporada,"['s4', 'es', 'simplement', 'la', 'temporada']"
2023-03-06 14:32:49+00:00,im gonna say it... i liked season 7!!!!!!!! id rewatch!!!!,im gon na say like season 7 id rewatch,"['im', 'gon', 'na', 'say', 'like', 'season', '7', 'id', 'rewatch']"
2023-03-06 14:24:22+00:00,SIX!,six,['six']
2023-03-06 14:18:38+00:00,4 although 2 is my favorite season,4 although 2 favorit season,"['4', 'although', '2', 'favorit', 'season']"
2023-03-06 14:17:16+00:00,"Never rewatched GoT &amp; donâ€™t plan to any time soon, but seasons 1-6 still generational for sure",never rewatch got amp dont plan time soon season 16 still gener sure,"['never', 'rewatch', 'got', 'amp', 'dont', 'plan', 'time', 'soon', 'season', '16', 'still', 'gener', 'sure']"
2023-03-06 14:08:40+00:00,s4 was sooo good wow amazing.,s4 sooo good wow amaz,"['s4', 'sooo', 'good', 'wow', 'amaz']"
2023-03-06 14:08:23+00:00,BRB going to rewatch them all for the ten millionth time ğŸ«£,brb go rewatch ten millionth time,"['brb', 'go', 'rewatch', 'ten', 'millionth', 'time']"
2023-03-06 14:03:41+00:00,Season 4. Tyrions trial arc &gt;&gt;&gt;,season 4 tyrion trial arc gtgtgt,"['season', '4', 'tyrion', 'trial', 'arc', 'gtgtgt']"
2023-03-06 13:54:20+00:00,"Season 1 is good for those who like me, couldn't get into the show past Season 1!
Season 6 was great to revisit, too! 

ALTHOUGH Season 4 holds up the strongest out of all of the seasons",season 1 good like couldnt get show past season 1 season 6 great revisit although season 4 hold strongest season,"['season', '1', 'good', 'like', 'couldnt', 'get', 'show', 'past', 'season', '1', 'season', '6', 'great', 'revisit', 'although', 'season', '4', 'hold', 'strongest', 'season']"
2023-03-06 13:49:35+00:00,4,4,['4']
2023-03-06 13:45:30+00:00,la temporada 6 es arte puro y quien diga lo contrario es gilipollas,la temporada 6 es art puro quien diga lo contrario es gilipolla,"['la', 'temporada', '6', 'es', 'art', 'puro', 'quien', 'diga', 'lo', 'contrario', 'es', 'gilipolla']"
2023-03-06 13:43:29+00:00,de la 1 a la 6 y punto,de la 1 la 6 punto,"['de', 'la', '1', 'la', '6', 'punto']"
2023-03-06 13:30:17+00:00,4 lah gilaaa,4 lah gilaaa,"['4', 'lah', 'gilaaa']"
2023-03-06 13:07:01+00:00,1 4 &amp; 6,1 4 amp 6,"['1', '4', 'amp', '6']"
2023-03-06 13:04:04+00:00,"S1-4 e o final da S6 mas nÃ£o vale a pena se torturar vendo a S5 e como a sÃ©rie comeÃ§a a errar tanto com corte de personagens, plots e tudo pelo shock value",s14 e final da s6 ma nÃ£o vale pena se torturar vendo s5 e como sÃ©rie comeÃ§a errar tanto com cort de personagen plot e tudo pelo shock valu,"['s14', 'e', 'final', 'da', 's6', 'ma', 'nÃ£o', 'vale', 'pena', 'se', 'torturar', 'vendo', 's5', 'e', 'como', 'sÃ©rie', 'comeÃ§a', 'errar', 'tanto', 'com', 'cort', 'de', 'personagen', 'plot', 'e', 'tudo', 'pelo', 'shock', 'valu']"
2023-03-06 13:03:14+00:00,Ø§Ù„Ø³Ø§Ø¨Ø¹ Ø¹Ø¯ØªÙˆ ÙˆØ­ÙØ¸ØªÙˆ Ø£ÙƒØªØ± Ù…Ù† Ù…Ù†Ù‡Ø§Ø¬ Ø§Ù„Ø¨ÙƒØ§Ù„ÙˆØ±ÙŠØ§,Ø§Ù„Ø³Ø§Ø¨Ø¹ Ø¹Ø¯ØªÙˆ ÙˆØ­ÙØ¸ØªÙˆ Ø£ÙƒØªØ± Ù…Ù† Ù…Ù†Ù‡Ø§Ø¬ Ø§Ù„Ø¨ÙƒØ§Ù„ÙˆØ±ÙŠØ§,"['Ø§Ù„Ø³Ø§Ø¨Ø¹', 'Ø¹Ø¯ØªÙˆ', 'ÙˆØ­ÙØ¸ØªÙˆ', 'Ø£ÙƒØªØ±', 'Ù…Ù†', 'Ù…Ù†Ù‡Ø§Ø¬', 'Ø§Ù„Ø¨ÙƒØ§Ù„ÙˆØ±ÙŠØ§']"
2023-03-06 13:00:11+00:00,"no sÃ© si serÃ­a capaz de rever ninguna temporada de juego de tronos para ser honesta, leer los libros sÃ­, volver a verla lo dudo",sÃ© si serÃ­a capaz de rever ninguna temporada de juego de trono para ser honesta leer lo libro sÃ­ volver verla lo dudo,"['sÃ©', 'si', 'serÃ­a', 'capaz', 'de', 'rever', 'ninguna', 'temporada', 'de', 'juego', 'de', 'trono', 'para', 'ser', 'honesta', 'leer', 'lo', 'libro', 'sÃ­', 'volver', 'verla', 'lo', 'dudo']"
2023-03-06 12:41:47+00:00,todas menos la 8,toda meno la 8,"['toda', 'meno', 'la', '8']"
2023-03-06 12:37:56+00:00,1 Ğ±Ğ»ÑĞ´ÑŒ,1 Ğ±Ğ»ÑĞ´ÑŒ,"['1', 'Ğ±Ğ»ÑĞ´ÑŒ']"
2023-03-06 12:25:23+00:00,3-4 ğŸ”¥ğŸ”¥ daha 7deyiz bakalÄ±m bugÃ¼n ejderhalardan birini kaybettik kalbim acÄ±dÄ± resmen,34 daha 7deyiz bakalÄ±m bugÃ¼n ejderhalardan birini kaybettik kalbim acÄ±dÄ± resmen,"['34', 'daha', '7deyiz', 'bakalÄ±m', 'bugÃ¼n', 'ejderhalardan', 'birini', 'kaybettik', 'kalbim', 'acÄ±dÄ±', 'resmen']"
2023-03-06 12:18:13+00:00,Season 4 was by far the best and the peak of the story,season 4 far best peak stori,"['season', '4', 'far', 'best', 'peak', 'stori']"
2023-03-06 12:15:05+00:00,todas. se Ã© para doer que se sofra no total,toda se Ã© para doer que se sofra total,"['toda', 'se', 'Ã©', 'para', 'doer', 'que', 'se', 'sofra', 'total']"
2023-03-06 12:12:57+00:00,One and like only one.,one like one,"['one', 'like', 'one']"
2023-03-06 12:12:53+00:00,season 1-4 and a few episodes of season 6 tbh,season 14 episod season 6 tbh,"['season', '14', 'episod', 'season', '6', 'tbh']"
2023-03-06 12:07:36+00:00,Imo saison 3 et surtout 4 je peux les revoir tout les mois Ã§a me fait plaisir,imo saison 3 et surtout 4 je peux le revoir tout le moi Ã§a fait plaisir,"['imo', 'saison', '3', 'et', 'surtout', '4', 'je', 'peux', 'le', 'revoir', 'tout', 'le', 'moi', 'Ã§a', 'fait', 'plaisir']"
2023-03-06 11:59:30+00:00,Saison 4,saison 4,"['saison', '4']"
2023-03-06 11:51:12+00:00,Season 4 and maybe 6 ğŸ¤”,season 4 mayb 6,"['season', '4', 'mayb', '6']"
2023-03-06 11:36:56+00:00,"tinha que ser a 8, porque eu sinto a necessidade de assistir ela de novo porque atÃ© hoje nÃ£o acredito naquele final, acho que assistindo novamente eu percebo que na Ã©poca aquilo foi um surto kkkkkk",tinha que ser 8 porqu eu sinto necessidad de assistir ela de novo porqu atÃ© hoje nÃ£o acredito naquel final acho que assistindo novament eu percebo que na Ã©poca aquilo foi um surto kkkkkk,"['tinha', 'que', 'ser', '8', 'porqu', 'eu', 'sinto', 'necessidad', 'de', 'assistir', 'ela', 'de', 'novo', 'porqu', 'atÃ©', 'hoje', 'nÃ£o', 'acredito', 'naquel', 'final', 'acho', 'que', 'assistindo', 'novament', 'eu', 'percebo', 'que', 'na', 'Ã©poca', 'aquilo', 'foi', 'um', 'surto', 'kkkkkk']"
2023-03-06 11:35:25+00:00,les saisons 2/3/4 vrmt les meilleures,le saison 234 vrmt le meilleur,"['le', 'saison', '234', 'vrmt', 'le', 'meilleur']"
2023-03-06 11:34:54+00:00,season 6,season 6,"['season', '6']"
2023-03-06 11:08:47+00:00,Season 6 for me #GameOfThrones,season 6 gameofthron,"['season', '6', 'gameofthron']"
2023-03-06 11:04:07+00:00,"Without any doubt, Season 4, even though season 6 is my personal favorite",without doubt season 4 even though season 6 person favorit,"['without', 'doubt', 'season', '4', 'even', 'though', 'season', '6', 'person', 'favorit']"
2023-03-06 11:00:22+00:00,geen 1,geen 1,"['geen', '1']"
2023-03-06 10:44:40+00:00,1 - 4. goes downhill from s5,1 4 goe downhil s5,"['1', '4', 'goe', 'downhil', 's5']"
2023-03-06 10:43:49+00:00,Letterlijk alles behalve 7&amp;8 fijne dag,letterlijk all behalv 7amp8 fijn dag,"['letterlijk', 'all', 'behalv', '7amp8', 'fijn', 'dag']"
2023-03-06 10:39:46+00:00,SEASON 6 ğŸ˜ğŸ˜ğŸ˜,season 6,"['season', '6']"
2023-03-06 10:26:55+00:00,Yang ada opah Tywin pokoknya https://t.co/12lRqXW7vv,yang ada opah tywin pokoknya httpstco12lrqxw7vv,"['yang', 'ada', 'opah', 'tywin', 'pokoknya', 'httpstco12lrqxw7vv']"
2023-03-06 10:21:21+00:00,"4 e 6, nao ta aberto a discussÃ£o",4 e 6 nao ta aberto discussÃ£o,"['4', 'e', '6', 'nao', 'ta', 'aberto', 'discussÃ£o']"
2023-03-06 10:06:10+00:00,La saison 4 . La sÃ©rie bascule dans le domaine de la masterclass,la saison 4 la sÃ©rie bascul dan le domain de la masterclass,"['la', 'saison', '4', 'la', 'sÃ©rie', 'bascul', 'dan', 'le', 'domain', 'de', 'la', 'masterclass']"
2023-03-06 09:57:54+00:00,Season 3 supremacy!! Couldâ€™ve been season 4 but I really canâ€™t stand the Tysha nonsense which ultimately leads to Tyrion being super underdeveloped. Also anyone who says season 7 was actually good really canâ€™t complain about season 8.,season 3 supremaci couldv season 4 realli cant stand tysha nonsens ultim lead tyrion super underdevelop also anyon say season 7 actual good realli cant complain season 8,"['season', '3', 'supremaci', 'couldv', 'season', '4', 'realli', 'cant', 'stand', 'tysha', 'nonsens', 'ultim', 'lead', 'tyrion', 'super', 'underdevelop', 'also', 'anyon', 'say', 'season', '7', 'actual', 'good', 'realli', 'cant', 'complain', 'season', '8']"
2023-03-06 09:46:40+00:00,6 4 3 1 5 2 y la cÃ¡tedra se sentÃ³.,6 4 3 1 5 2 la cÃ¡tedra se sentÃ³,"['6', '4', '3', '1', '5', '2', 'la', 'cÃ¡tedra', 'se', 'sentÃ³']"
2023-03-06 09:42:05+00:00,4 &amp; 5 ğŸ¥¹ğŸ¥¹ğŸ¥¹ğŸ¥¹,4 amp 5,"['4', 'amp', '5']"
2023-03-06 09:40:22+00:00,1-4,14,['14']
2023-03-06 09:26:13+00:00,Def season 4,def season 4,"['def', 'season', '4']"
2023-03-06 09:25:26+00:00,Jâ€™ai tout revu il y a quelques mois . Sauf la 8.,jai tout revu il quelqu moi sauf la 8,"['jai', 'tout', 'revu', 'il', 'quelqu', 'moi', 'sauf', 'la', '8']"
2023-03-06 09:10:52+00:00,Todas (menos la Ãºltima) son ğŸ”¥ pero con la 3 y la 4 flipas,toda meno la Ãºltima son pero con la 3 la 4 flipa,"['toda', 'meno', 'la', 'Ãºltima', 'son', 'pero', 'con', 'la', '3', 'la', '4', 'flipa']"
2023-03-06 09:05:22+00:00,3/4/5/6,3456,['3456']
2023-03-06 09:00:34+00:00,Obviously s1-4,obvious s14,"['obvious', 's14']"
2023-03-06 08:55:50+00:00,ImagÃ­nense que alguien diga que la 8.ğŸ’€,imagÃ­nens que alguien diga que la 8,"['imagÃ­nens', 'que', 'alguien', 'diga', 'que', 'la', '8']"
2023-03-06 08:55:12+00:00,Last season!,last season,"['last', 'season']"
2023-03-06 08:41:53+00:00,Todas hasta la 6 y asumir que deja el final abierto,toda hasta la 6 asumir que deja el final abierto,"['toda', 'hasta', 'la', '6', 'asumir', 'que', 'deja', 'el', 'final', 'abierto']"
2023-03-06 08:25:07+00:00,literalmente todas,literalment toda,"['literalment', 'toda']"
2023-03-06 08:23:33+00:00,sezon 7 galiba,sezon 7 galiba,"['sezon', '7', 'galiba']"
2023-03-06 08:16:43+00:00,La 6,la 6,"['la', '6']"
2023-03-06 08:13:41+00:00,Lâ€™enchaÃ®nement 4/5/6,lenchaÃ®n 456,"['lenchaÃ®n', '456']"
2023-03-06 08:13:15+00:00,4 and 6!,4 6,"['4', '6']"
2023-03-06 07:47:28+00:00,"4,3 is the best",43 best,"['43', 'best']"
2023-03-06 06:59:28+00:00,S7,s7,['s7']
2023-03-06 06:54:01+00:00,4 â¤ï¸â¤ï¸â¤ï¸â¤ï¸â¤ï¸,4,['4']
2023-03-06 06:48:25+00:00,"Seasons 4 to 6 are perfection, but  Iâ€™d go with the season 6.",season 4 6 perfect id go season 6,"['season', '4', '6', 'perfect', 'id', 'go', 'season', '6']"
2023-03-06 06:36:28+00:00,"Season 7 
Goat ğŸ”¥ Dany â¤ï¸",season 7 goat dani,"['season', '7', 'goat', 'dani']"
2023-03-06 06:34:31+00:00,Not the last one thatâ€™s for sure,last one that sure,"['last', 'one', 'that', 'sure']"
2023-03-06 06:15:32+00:00,1-4.,14,['14']
2023-03-06 06:12:01+00:00,1 2 3 4 5,1 2 3 4 5,"['1', '2', '3', '4', '5']"
2023-03-06 06:06:08+00:00,4/5/6 ğŸ”,456,['456']
2023-03-06 06:03:43+00:00,Seasons 2 &amp; 3 imo.,season 2 amp 3 imo,"['season', '2', 'amp', '3', 'imo']"
2023-03-06 06:00:16+00:00,season 1 episode 1,season 1 episod 1,"['season', '1', 'episod', '1']"
2023-03-06 05:51:46+00:00,S04!!! daming nangyare sa season na yern grabe,s04 dame nangyar sa season na yern grabe,"['s04', 'dame', 'nangyar', 'sa', 'season', 'na', 'yern', 'grabe']"
2023-03-06 05:51:28+00:00,3,3,['3']
2023-03-06 05:45:06+00:00,3-5 peak,35 peak,"['35', 'peak']"
2023-03-06 05:38:26+00:00,Iâ€™ll say 1-3â€¦,ill say 13,"['ill', 'say', '13']"
2023-03-06 05:28:02+00:00,6 just because battle of the bastards. No scene has ever put me on the edge of my seat like that before.. not to mention hold the door episode,6 battl bastard scene ever put edg seat like mention hold door episod,"['6', 'battl', 'bastard', 'scene', 'ever', 'put', 'edg', 'seat', 'like', 'mention', 'hold', 'door', 'episod']"
2023-03-06 05:22:28+00:00,Iâ€™m 2 episodes away from being done with season 6 and so far I would say season 4,im 2 episod away done season 6 far would say season 4,"['im', '2', 'episod', 'away', 'done', 'season', '6', 'far', 'would', 'say', 'season', '4']"
2023-03-06 05:17:03+00:00,If I can skip the many faced god clips the whole show,skip mani face god clip whole show,"['skip', 'mani', 'face', 'god', 'clip', 'whole', 'show']"
2023-03-06 05:08:44+00:00,5 or 6 easily.,5 6 easili,"['5', '6', 'easili']"
2023-03-06 05:08:37+00:00,"1â€“4 are all very rewatchable. 

After that, wellâ€¦",14 rewatch well,"['14', 'rewatch', 'well']"
2023-03-06 05:07:46+00:00,Season 4 and  6,season 4 6,"['season', '4', '6']"
2023-03-06 05:05:30+00:00,Season 6. Shit was wild.,season 6 shit wild,"['season', '6', 'shit', 'wild']"
2023-03-06 04:52:23+00:00,season 4. It was just TOO good!,season 4 good,"['season', '4', 'good']"
2023-03-06 04:38:45+00:00,3 or 4 for me,3 4,"['3', '4']"
2023-03-06 04:36:58+00:00,"Obviamente a temporada do ataque do Mance Ã  Muralha, atÃ© porquÃª o melhor episÃ³dio dessa trolha Ã© The Watchers on the Wall",obviament temporada ataqu manc Ã  muralha atÃ© porquÃª melhor episÃ³dio dessa trolha Ã© watcher wall,"['obviament', 'temporada', 'ataqu', 'manc', 'Ã ', 'muralha', 'atÃ©', 'porquÃª', 'melhor', 'episÃ³dio', 'dessa', 'trolha', 'Ã©', 'watcher', 'wall']"
2023-03-06 04:26:24+00:00,5/6.. deadass any just not the final 2ğŸ¥²,56 deadass final 2,"['56', 'deadass', 'final', '2']"
2023-03-06 04:21:20+00:00,Seasons 6 &amp; 7ğŸ‘ŒğŸ¾,season 6 amp 7,"['season', '6', 'amp', '7']"
2023-03-06 04:19:52+00:00,A capa da Ãºltima temporada sendo a mais linda e a pior temporada de todas https://t.co/Id7GOb2ygI,capa da Ãºltima temporada sendo mai linda e pior temporada de toda httpstcoid7gob2ygi,"['capa', 'da', 'Ãºltima', 'temporada', 'sendo', 'mai', 'linda', 'e', 'pior', 'temporada', 'de', 'toda', 'httpstcoid7gob2ygi']"
2023-03-06 04:13:23+00:00,Seasons 3 and 4 of Game of Thrones were the best!,season 3 4 game throne best,"['season', '3', '4', 'game', 'throne', 'best']"
2023-03-06 04:11:03+00:00,Season 3 and 4. Lahat best characters buhay pa ng period na yan hahaha.,season 3 4 lahat best charact buhay pa ng period na yan hahaha,"['season', '3', '4', 'lahat', 'best', 'charact', 'buhay', 'pa', 'ng', 'period', 'na', 'yan', 'hahaha']"
2023-03-06 04:08:39+00:00,All Seasons... But Season 6 ğŸ”¥ğŸ”¥ğŸ”¥,season season 6,"['season', 'season', '6']"
2023-03-06 03:59:31+00:00,"Season 4, many moments and interactions between characters that could not be topped",season 4 mani moment interact charact could top,"['season', '4', 'mani', 'moment', 'interact', 'charact', 'could', 'top']"
2023-03-06 03:58:49+00:00,Any episodes with Margaery in it..,episod margaeri,"['episod', 'margaeri']"
2023-03-06 03:44:18+00:00,1 lah,1 lah,"['1', 'lah']"
2023-03-06 03:43:52+00:00,"A season 1 e 6 p mim sÃ£o perfeitas, uma em narrativa e a outra nos acontecimentos/marco",season 1 e 6 p mim sÃ£o perfeita uma em narrativa e outra no acontecimentosmarco,"['season', '1', 'e', '6', 'p', 'mim', 'sÃ£o', 'perfeita', 'uma', 'em', 'narrativa', 'e', 'outra', 'no', 'acontecimentosmarco']"
2023-03-06 03:34:13+00:00,Season 4,season 4,"['season', '4']"
2023-03-06 03:25:23+00:00,s1 for me,s1,['s1']
2023-03-06 03:19:52+00:00,"Season 6 was pretty damn good , â€œbattle of the bastardsâ€ my favorite episode",season 6 pretti damn good battl bastard favorit episod,"['season', '6', 'pretti', 'damn', 'good', 'battl', 'bastard', 'favorit', 'episod']"
2023-03-06 03:19:32+00:00,It's 3 for me.,3,['3']
2023-03-06 03:18:14+00:00,"season 4, without a second thought",season 4 without second thought,"['season', '4', 'without', 'second', 'thought']"
2023-03-06 03:17:29+00:00,4. Itâ€™s not even close,4 even close,"['4', 'even', 'close']"
2023-03-06 03:12:24+00:00,Yo dirÃ­a la 3 o la 4.,yo dirÃ­a la 3 la 4,"['yo', 'dirÃ­a', 'la', '3', 'la', '4']"
2023-03-06 03:11:45+00:00,4 by far. Itâ€™s also my favorite,4 far also favorit,"['4', 'far', 'also', 'favorit']"
2023-03-06 03:02:47+00:00,1 or 4 anything else and ur wrong,1 4 anyth els ur wrong,"['1', '4', 'anyth', 'els', 'ur', 'wrong']"
2023-03-06 03:02:31+00:00,6 or 7ğŸ™ŒğŸ½ğŸ™ŒğŸ½,6 7,"['6', '7']"
2023-03-06 03:01:06+00:00,4 &amp; 6 SOLID RUN !!!!,4 amp 6 solid run,"['4', 'amp', '6', 'solid', 'run']"
2023-03-06 02:57:08+00:00,4 5 e 6 vcs tem o meu coraÃ§Ã£o,4 5 e 6 vc tem meu coraÃ§Ã£o,"['4', '5', 'e', '6', 'vc', 'tem', 'meu', 'coraÃ§Ã£o']"
2023-03-06 02:49:53+00:00,"6,7,8",678,['678']
2023-03-06 02:46:37+00:00,ğŸ‘€ğŸ‘€,,[]
2023-03-06 02:46:21+00:00,A sÃ©tima,sÃ©tima,['sÃ©tima']
2023-03-06 02:42:25+00:00,4 y 6 ğŸ¥¹,4 6,"['4', '6']"
2023-03-06 02:40:41+00:00,All of â€˜em,em,['em']
2023-03-06 02:12:00+00:00,S1-4 then jump to 8 season finale,s14 jump 8 season final,"['s14', 'jump', '8', 'season', 'final']"
2023-03-06 02:03:48+00:00,season six ğŸ¤“i just skip all of aryas faceless men arc and focus on battle of the bastards and the finale ğŸ˜Š,season six skip arya faceless men arc focu battl bastard final,"['season', 'six', 'skip', 'arya', 'faceless', 'men', 'arc', 'focu', 'battl', 'bastard', 'final']"
2023-03-06 01:57:32+00:00,"4 bc of oberyn, but any of the first 4 are acceptable here. I just watch the first 4 over and over again",4 bc oberyn first 4 accept watch first 4,"['4', 'bc', 'oberyn', 'first', '4', 'accept', 'watch', 'first', '4']"
2023-03-06 01:54:49+00:00,Can't pick a specific season but 1-4 is ğŸ¥µğŸ”¥,cant pick specif season 14,"['cant', 'pick', 'specif', 'season', '14']"
2023-03-06 01:54:45+00:00,"5,6 and 8 ğŸ‘ŒğŸ¼",56 8,"['56', '8']"
2023-03-06 01:46:16+00:00,SEXTA TEMPORADA E CALEM-SE QUEM DISCORDAR,sexta temporada e calems quem discordar,"['sexta', 'temporada', 'e', 'calems', 'quem', 'discordar']"
2023-03-06 01:45:39+00:00,Any season but season 8 when Danyâ€™s arc made sense and Jon wasnâ€™t a yes manğŸ˜’,season season 8 dani arc made sens jon wasnt ye man,"['season', 'season', '8', 'dani', 'arc', 'made', 'sens', 'jon', 'wasnt', 'ye', 'man']"
2023-03-06 01:43:54+00:00,6 7 y 8,6 7 8,"['6', '7', '8']"
2023-03-06 01:43:07+00:00,six,six,['six']
2023-03-06 01:38:48+00:00,6.,6,['6']
2023-03-06 01:35:37+00:00,7-8à¹„à¸›à¸‚à¸µà¹‰à¸„à¹ˆà¸° à¸à¸²à¸à¸à¸§à¹ˆà¸²à¸™à¸µà¹‰à¹„à¸¡à¹ˆà¸¡à¸µà¹à¸¥à¹‰à¸§,78à¹„à¸›à¸‚à¸„à¸° à¸à¸²à¸à¸à¸§à¸²à¸™à¹„à¸¡à¸¡à¹à¸¥à¸§,"['78à¹„à¸›à¸‚à¸„à¸°', 'à¸à¸²à¸à¸à¸§à¸²à¸™à¹„à¸¡à¸¡à¹à¸¥à¸§']"
2023-03-06 01:34:24+00:00,1-3,13,['13']
2023-03-06 01:32:45+00:00,2,2,['2']
2023-03-06 01:31:09+00:00,Season 2,season 2,"['season', '2']"
2023-03-06 01:28:31+00:00,"De la 1 a la 6, me cago a palos con cualquier ser vivo que no piense lo mismo",de la 1 la 6 cago palo con cualquier ser vivo que piens lo mismo,"['de', 'la', '1', 'la', '6', 'cago', 'palo', 'con', 'cualquier', 'ser', 'vivo', 'que', 'piens', 'lo', 'mismo']"
2023-03-06 01:24:14+00:00,6 or 7,6 7,"['6', '7']"
2023-03-06 01:23:19+00:00,whatever season brienne and jaime are having their adventures together and he saves her from the bear and stuff,whatev season brienn jaim adventur togeth save bear stuff,"['whatev', 'season', 'brienn', 'jaim', 'adventur', 'togeth', 'save', 'bear', 'stuff']"
2023-03-06 01:17:09+00:00,Any season which Robb was still alive,season robb still aliv,"['season', 'robb', 'still', 'aliv']"
2023-03-06 01:14:49+00:00,a 4 old,4 old,"['4', 'old']"
2023-03-06 01:12:05+00:00,Season 2-5 but to be more specificâ€¦. Season 3 bc Brienne,season 25 specif season 3 bc brienn,"['season', '25', 'specif', 'season', '3', 'bc', 'brienn']"
2023-03-06 01:11:00+00:00,Hard to say. Just finished the series now I gotta run it all back,hard say finish seri got ta run back,"['hard', 'say', 'finish', 'seri', 'got', 'ta', 'run', 'back']"
2023-03-06 01:09:40+00:00,Season 4. It's soooo gowd,season 4 soooo gowd,"['season', '4', 'soooo', 'gowd']"
2023-03-06 01:06:22+00:00,S4 by far,s4 far,"['s4', 'far']"
2023-03-06 01:05:51+00:00,"Season 2, when WotFK is at its highest. 
Season 5, when Jon and Dany's leadership was tested.",season 2 wotfk highest season 5 jon dani leadership test,"['season', '2', 'wotfk', 'highest', 'season', '5', 'jon', 'dani', 'leadership', 'test']"
2023-03-06 00:58:43+00:00,7,7,['7']
2023-03-06 00:56:13+00:00,all for me ğŸ˜­ğŸ³ï¸,,[]
2023-03-06 00:55:47+00:00,Season 3,season 3,"['season', '3']"
2023-03-06 00:54:33+00:00,4 ÙˆØ¨Ø³,4 ÙˆØ¨Ø³,"['4', 'ÙˆØ¨Ø³']"
2023-03-06 00:45:12+00:00,only arya stark misery psycho laugh and the way of her killing journeyğŸ¤—ğŸ¥°,arya stark miseri psycho laugh way kill journey,"['arya', 'stark', 'miseri', 'psycho', 'laugh', 'way', 'kill', 'journey']"
2023-03-06 00:36:45+00:00,3 &amp; 7 ğŸ¥¹,3 amp 7,"['3', 'amp', '7']"
2023-03-06 00:34:00+00:00,Aucune regardez Vikings,aucun regardez vike,"['aucun', 'regardez', 'vike']"
2023-03-06 00:32:59+00:00,"4,5 e 6 ğŸ™ğŸ»",45 e 6,"['45', 'e', '6']"
2023-03-06 00:29:09+00:00,Season 4 of GOT was a masterpiece ğŸ‘ğŸ½,season 4 got masterpiec,"['season', '4', 'got', 'masterpiec']"
2023-03-06 00:25:38+00:00,6&amp;7,6amp7,['6amp7']
2023-03-06 00:23:11+00:00,This is hardddddd but Iâ€™ll say 5,hardddddd ill say 5,"['hardddddd', 'ill', 'say', '5']"
2023-03-06 00:21:53+00:00,saison 4 facile,saison 4 facil,"['saison', '4', 'facil']"
2023-03-06 00:17:46+00:00,season 4 and season 7,season 4 season 7,"['season', '4', 'season', '7']"
2023-03-06 00:11:53+00:00,The one with Oberyn Martellll,one oberyn martelll,"['one', 'oberyn', 'martelll']"
2023-03-06 00:11:39+00:00,Jon Snow's arc in s6 was just ğŸ¤ŒğŸ½ğŸ¤ŒğŸ½ğŸ¤ŒğŸ½ğŸ¤ŒğŸ½ğŸ¤ŒğŸ½ğŸ¤ŒğŸ½ğŸ¤ŒğŸ½ğŸ¤ŒğŸ½ğŸ¤ŒğŸ½ğŸ¤ŒğŸ½ğŸ¤ŒğŸ½ğŸ¤ŒğŸ½ğŸ¤ŒğŸ½ğŸ¤ŒğŸ½ğŸ¤ŒğŸ½ğŸ¤ŒğŸ½ğŸ¤ŒğŸ½ğŸ¤ŒğŸ½ğŸ¤ŒğŸ½ğŸ¤ŒğŸ½ğŸ¤ŒğŸ½ğŸ¤ŒğŸ½ğŸ¤ŒğŸ½ğŸ¤ŒğŸ½ğŸ¤ŒğŸ½,jon snow arc s6,"['jon', 'snow', 'arc', 's6']"
2023-03-06 00:10:14+00:00,Season 8 https://t.co/3KcuQQAJIM,season 8 httpstco3kcuqqajim,"['season', '8', 'httpstco3kcuqqajim']"
2023-03-06 00:04:58+00:00,6 easily imo,6 easili imo,"['6', 'easili', 'imo']"
2023-03-06 00:04:28+00:00,"1-Neds Execution, 4--Purple Wedding/battle for Castle Black, 5--Hardhome, 6--battle of the bastards.",1ned execut 4purpl weddingbattl castl black 5hardhom 6battl bastard,"['1ned', 'execut', '4purpl', 'weddingbattl', 'castl', 'black', '5hardhom', '6battl', 'bastard']"
2023-03-06 00:04:20+00:00,1 &amp; 3,1 amp 3,"['1', 'amp', '3']"
2023-03-06 00:03:53+00:00,Season 6 no doubt,season 6 doubt,"['season', '6', 'doubt']"
2023-03-06 00:03:42+00:00,4-6,46,['46']
2023-03-06 00:02:23+00:00,tirando as duas Ãºltimas todas sÃ£o impecÃ¡veis,tirando dua Ãºltima toda sÃ£o impecÃ¡vei,"['tirando', 'dua', 'Ãºltima', 'toda', 'sÃ£o', 'impecÃ¡vei']"
2023-03-06 00:00:48+00:00,1 rest are meh,1 rest meh,"['1', 'rest', 'meh']"
2023-03-05 23:58:44+00:00,TODAS,toda,['toda']
2023-03-05 23:55:24+00:00,A sexta foi o maior acontecimento da tv em eras,sexta foi maior acontecimento da tv em era,"['sexta', 'foi', 'maior', 'acontecimento', 'da', 'tv', 'em', 'era']"
2023-03-05 23:52:13+00:00,"6, just for this amazing scene. https://t.co/6GQp1xEJEQ",6 amaz scene httpstco6gqp1xejeq,"['6', 'amaz', 'scene', 'httpstco6gqp1xejeq']"
2023-03-05 23:48:12+00:00,La s04 est la meilleure mais câ€™est grace Ã /pour la s02 (Tyrion main du roi Arya Jaqen/Arya Tywin/bataille de la NÃ©ra) que jâ€™ai repris GOT 140797e fois,la s04 est la meilleur mai cest grace Ã pour la s02 tyrion main du roi arya jaqenarya tywinbatail de la nÃ©ra que jai repri got 140797e foi,"['la', 's04', 'est', 'la', 'meilleur', 'mai', 'cest', 'grace', 'Ã pour', 'la', 's02', 'tyrion', 'main', 'du', 'roi', 'arya', 'jaqenarya', 'tywinbatail', 'de', 'la', 'nÃ©ra', 'que', 'jai', 'repri', 'got', '140797e', 'foi']"
2023-03-05 23:44:14+00:00,Celle oÃ¹ la Khaleesi se formait son armÃ©e dâ€™esclaves libÃ©rÃ©s la incroyable vrmt,cell oÃ¹ la khaleesi se formait son armÃ© desclav libÃ©rÃ© la incroy vrmt,"['cell', 'oÃ¹', 'la', 'khaleesi', 'se', 'formait', 'son', 'armÃ©', 'desclav', 'libÃ©rÃ©', 'la', 'incroy', 'vrmt']"
2023-03-05 23:43:19+00:00,1-6,16,['16']
2023-03-05 23:41:45+00:00,"a 4 e a 6, minhas favs",4 e 6 minha fav,"['4', 'e', '6', 'minha', 'fav']"
2023-03-05 23:41:05+00:00,Todooooooo,todooooooo,['todooooooo']
2023-03-05 23:37:10+00:00,a primeira temporada jÃ¡ da um show meu amigo,primeira temporada jÃ¡ da um show meu amigo,"['primeira', 'temporada', 'jÃ¡', 'da', 'um', 'show', 'meu', 'amigo']"
2023-03-05 23:37:02+00:00,le prime 4,le prime 4,"['le', 'prime', '4']"
2023-03-05 23:35:59+00:00,4! &amp; thatâ€™s not up for discussion,4 amp that discuss,"['4', 'amp', 'that', 'discuss']"
2023-03-05 23:33:37+00:00,da season 1 atÃ© a 4 Ã© obra prima pura,da season 1 atÃ© 4 Ã© obra prima pura,"['da', 'season', '1', 'atÃ©', '4', 'Ã©', 'obra', 'prima', 'pura']"
2023-03-05 23:26:40+00:00,"Cada temporada tiene un suceso que marca la diferencia, pero en la temporada 7 vemos a una Daenerys mÃ¡s decidida y capaz de hacer cualquier cosa por llegar al trono.",cada temporada tien un suceso que marca la diferencia pero en la temporada 7 vemo una daeneri mÃ¡ decidida capaz de hacer cualquier cosa por llegar al trono,"['cada', 'temporada', 'tien', 'un', 'suceso', 'que', 'marca', 'la', 'diferencia', 'pero', 'en', 'la', 'temporada', '7', 'vemo', 'una', 'daeneri', 'mÃ¡', 'decidida', 'capaz', 'de', 'hacer', 'cualquier', 'cosa', 'por', 'llegar', 'al', 'trono']"
2023-03-05 23:26:23+00:00,En vrai je sais pas 2 Ã  6 c'est vraiment incroyable,en vrai je sai pa 2 Ã  6 cest vraiment incroy,"['en', 'vrai', 'je', 'sai', 'pa', '2', 'Ã ', '6', 'cest', 'vraiment', 'incroy']"
2023-03-05 23:24:43+00:00,Definitely aint the last two seasons they rushed the shit out of those,definit aint last two season rush shit,"['definit', 'aint', 'last', 'two', 'season', 'rush', 'shit']"
2023-03-05 23:22:17+00:00,i loooooove season 8 definitely season 8 omg season 8 is so re-watchable,loooooov season 8 definit season 8 omg season 8 rewatch,"['loooooov', 'season', '8', 'definit', 'season', '8', 'omg', 'season', '8', 'rewatch']"
2023-03-05 23:19:08+00:00,"1, most accurate.",1 accur,"['1', 'accur']"
2023-03-05 23:18:18+00:00,Game of thrones season 6 is the greatest single season of any TV show ever. Season 4-6 are outstanding TV.,game throne season 6 greatest singl season tv show ever season 46 outstand tv,"['game', 'throne', 'season', '6', 'greatest', 'singl', 'season', 'tv', 'show', 'ever', 'season', '46', 'outstand', 'tv']"
2023-03-05 23:15:24+00:00,"All men must die â€¦ 
cette saison câ€™est vraiment ma prÃ©fÃ©rÃ©e",men must die cett saison cest vraiment prÃ©fÃ©rÃ©e,"['men', 'must', 'die', 'cett', 'saison', 'cest', 'vraiment', 'prÃ©fÃ©rÃ©e']"
2023-03-05 23:14:32+00:00,Season 3 and 4 will push your mental health to its breaking point.,season 3 4 push mental health break point,"['season', '3', '4', 'push', 'mental', 'health', 'break', 'point']"
2023-03-05 23:14:03+00:00,Jâ€™hÃ©site entre la 5 eme et la 7 eme,jhÃ©site entr la 5 eme et la 7 eme,"['jhÃ©site', 'entr', 'la', '5', 'eme', 'et', 'la', '7', 'eme']"
2023-03-05 23:13:52+00:00,i was going to say something really predictable but i will stay silent for now,go say someth realli predict stay silent,"['go', 'say', 'someth', 'realli', 'predict', 'stay', 'silent']"
2023-03-05 23:12:03+00:00,Season 4 EASY,season 4 easi,"['season', '4', 'easi']"
2023-03-05 23:03:49+00:00,I'll tell you which one isn't it: season 8 ğŸ˜­ğŸ’”,ill tell one isnt season 8,"['ill', 'tell', 'one', 'isnt', 'season', '8']"
2023-03-05 22:57:17+00:00,4 unbeatable,4 unbeat,"['4', 'unbeat']"
2023-03-05 22:50:14+00:00,"In my opinion All Men Must Die, 4.12, 4.24 Most re-watchable ğŸ™ŒğŸ¾#GameofThrones",opinion men must die 412 424 rewatch gameofthron,"['opinion', 'men', 'must', 'die', '412', '424', 'rewatch', 'gameofthron']"
2023-03-05 22:41:43+00:00,Saisons 4 et 6,saison 4 et 6,"['saison', '4', 'et', '6']"
2023-03-05 22:39:20+00:00,1-4ğŸ¤Œ,14,['14']
2023-03-05 22:33:20+00:00,3&amp;4 are really goodâ€¦,3amp4 realli good,"['3amp4', 'realli', 'good']"
2023-03-05 22:32:01+00:00,Seasons 1-4 are PERFECT. Honourable mention to Hardhome and the last two episodes of season 6.,season 14 perfect honour mention hardhom last two episod season 6,"['season', '14', 'perfect', 'honour', 'mention', 'hardhom', 'last', 'two', 'episod', 'season', '6']"
2023-03-05 22:26:24+00:00,Every one .,everi one,"['everi', 'one']"
2023-03-05 22:20:02+00:00,This is a tough one.. S3..maybe 4..,tough one s3mayb 4,"['tough', 'one', 's3mayb', '4']"
2023-03-05 22:17:12+00:00,S4 litterally greatest season of any show ever,s4 litter greatest season show ever,"['s4', 'litter', 'greatest', 'season', 'show', 'ever']"
2023-03-05 22:15:58+00:00,Ø§Ù„Ø®Ø§Ù…Ø³ Ùˆ Ø§Ù„Ø³Ø§Ø¯Ø³ Ùˆ Ø§Ù„Ø³Ø§Ø¨Ø¹ Ø§Ø¹Ø¸Ù… Ø­Ø§Ø¬Ø© Ù…Ù…ÙƒÙ† ØªØ´ÙˆÙÙ‡Ø§ Ø¹ÙŠÙ†Ùƒ â¤ï¸â¤ï¸â¤ï¸,Ø§Ù„Ø®Ø§Ù…Ø³ Ùˆ Ø§Ù„Ø³Ø§Ø¯Ø³ Ùˆ Ø§Ù„Ø³Ø§Ø¨Ø¹ Ø§Ø¹Ø¸Ù… Ø­Ø§Ø¬Ø© Ù…Ù…ÙƒÙ† ØªØ´ÙˆÙÙ‡Ø§ Ø¹ÙŠÙ†Ùƒ,"['Ø§Ù„Ø®Ø§Ù…Ø³', 'Ùˆ', 'Ø§Ù„Ø³Ø§Ø¯Ø³', 'Ùˆ', 'Ø§Ù„Ø³Ø§Ø¨Ø¹', 'Ø§Ø¹Ø¸Ù…', 'Ø­Ø§Ø¬Ø©', 'Ù…Ù…ÙƒÙ†', 'ØªØ´ÙˆÙÙ‡Ø§', 'Ø¹ÙŠÙ†Ùƒ']"
2023-03-05 22:13:17+00:00,3-6,36,['36']
2023-03-05 22:12:35+00:00,as temporadas pares sÃ£o babilÃ´nicas (com exceÃ§Ã£o da 8 claro),temporada pare sÃ£o babilÃ´nica com exceÃ§Ã£o da 8 claro,"['temporada', 'pare', 'sÃ£o', 'babilÃ´nica', 'com', 'exceÃ§Ã£o', 'da', '8', 'claro']"
2023-03-05 22:08:21+00:00,La 6 ou la 7,la 6 ou la 7,"['la', '6', 'ou', 'la', '7']"
2023-03-05 22:07:24+00:00,season 2,season 2,"['season', '2']"
2023-03-05 22:07:17+00:00,A que tem o pedro pascal,que tem pedro pascal,"['que', 'tem', 'pedro', 'pascal']"
2023-03-05 22:06:37+00:00,All of them,,[]
2023-03-05 22:06:10+00:00,having done a rewatch last mounths season 4 by FAR,done rewatch last mounth season 4 far,"['done', 'rewatch', 'last', 'mounth', 'season', '4', 'far']"
2023-03-05 21:53:06+00:00,5-6-7 banger,567 banger,"['567', 'banger']"
2023-03-05 21:44:37+00:00,Itâ€™s seasons 4 and 6 for me,season 4 6,"['season', '4', '6']"
2023-03-05 21:44:09+00:00,La temp 4 y el que diga que no nos matamos,la temp 4 el que diga que no matamo,"['la', 'temp', '4', 'el', 'que', 'diga', 'que', 'no', 'matamo']"
2023-03-05 21:43:08+00:00,4 y el que diga lo contrario estÃ¡ mal,4 el que diga lo contrario estÃ¡ mal,"['4', 'el', 'que', 'diga', 'lo', 'contrario', 'estÃ¡', 'mal']"
2023-03-05 21:42:32+00:00,pra mim: 4 e 6,pra mim 4 e 6,"['pra', 'mim', '4', 'e', '6']"
2023-03-05 21:42:23+00:00,3/4,34,['34']
2023-03-05 21:40:35+00:00,was gonna say S3 because i think that's where the most nude scenes are lmao,gon na say s3 think that nude scene lmao,"['gon', 'na', 'say', 's3', 'think', 'that', 'nude', 'scene', 'lmao']"
2023-03-05 21:39:20+00:00,S4 IS THE GOAT,s4 goat,"['s4', 'goat']"
2023-03-05 21:37:38+00:00,Season 2-7,season 27,"['season', '27']"
2023-03-05 21:37:22+00:00,S1 or S3,s1 s3,"['s1', 's3']"
2023-03-05 21:36:54+00:00,"S2 dialogues wise
S4 characters buildup
S6 everything",s2 dialogu wise s4 charact buildup s6 everyth,"['s2', 'dialogu', 'wise', 's4', 'charact', 'buildup', 's6', 'everyth']"
2023-03-05 21:36:54+00:00,1-4 lol,14 lol,"['14', 'lol']"
2023-03-05 21:36:01+00:00,4 or 6,4 6,"['4', '6']"
2023-03-05 21:35:46+00:00,S4 GOAT ğŸ,s4 goat,"['s4', 'goat']"
2023-03-05 21:35:27+00:00,L'enchaÃ®nement 3 4 5 et 6 c'est trop grave,lenchaÃ®n 3 4 5 et 6 cest trop grave,"['lenchaÃ®n', '3', '4', '5', 'et', '6', 'cest', 'trop', 'grave']"
2023-03-05 21:33:06+00:00,6 &amp; 7,6 amp 7,"['6', 'amp', '7']"
2023-03-05 21:28:20+00:00,"A Ãºltima Ã© o trono feito das escamas do drogon
Realmente a capa de temporada mas linda... 
GOT tinha tudo pra ser excelÃªncia em todo os pontos. 
Mas ai o roteiro....",Ãºltima Ã© trono feito da escama drogon realment capa de temporada ma linda got tinha tudo pra ser excelÃªncia em todo os ponto ma ai roteiro,"['Ãºltima', 'Ã©', 'trono', 'feito', 'da', 'escama', 'drogon', 'realment', 'capa', 'de', 'temporada', 'ma', 'linda', 'got', 'tinha', 'tudo', 'pra', 'ser', 'excelÃªncia', 'em', 'todo', 'os', 'ponto', 'ma', 'ai', 'roteiro']"
2023-03-05 21:20:13+00:00,Season 4 easily,season 4 easili,"['season', '4', 'easili']"
2023-03-05 21:20:03+00:00,I go in between 4-6.,go 46,"['go', '46']"
2023-03-05 21:18:10+00:00,soy la temporada 4 de got,soy la temporada 4 de got,"['soy', 'la', 'temporada', '4', 'de', 'got']"
2023-03-05 21:17:59+00:00,The one without SA oh waitâ€¦â€¦,one without sa oh wait,"['one', 'without', 'sa', 'oh', 'wait']"
2023-03-05 21:15:58+00:00,"Season 6. Jon dying and coming back to life, Aryaâ€™s revenge, Sansaâ€™s revenge, Cerseiâ€™s wild fire, dragon girl sailing to Westeros ğŸ™„ğŸ™„ğŸ™„ğŸ™„.",season 6 jon die come back life arya reveng sansa reveng cersei wild fire dragon girl sail westero,"['season', '6', 'jon', 'die', 'come', 'back', 'life', 'arya', 'reveng', 'sansa', 'reveng', 'cersei', 'wild', 'fire', 'dragon', 'girl', 'sail', 'westero']"
2023-03-05 21:15:12+00:00,7.,7,['7']
2023-03-05 21:13:24+00:00,Season 6 is up there. The episode where Cersei blew up the sept is a cinematic masterpiece!,season 6 episod cersei blew sept cinemat masterpiec,"['season', '6', 'episod', 'cersei', 'blew', 'sept', 'cinemat', 'masterpiec']"
2023-03-05 21:11:06+00:00,Des gens vont pas rÃ©pondre la saison 4 alors qu'on a eu cette scÃ¨ne quand mÃªme https://t.co/Z0Miqm6s4y,de gen vont pa rÃ©pondr la saison 4 alor quon eu cett scÃ¨ne quand mÃªme httpstcoz0miqm6s4i,"['de', 'gen', 'vont', 'pa', 'rÃ©pondr', 'la', 'saison', '4', 'alor', 'quon', 'eu', 'cett', 'scÃ¨ne', 'quand', 'mÃªme', 'httpstcoz0miqm6s4i']"
2023-03-05 21:07:13+00:00,Todas (menos a 8),toda meno 8,"['toda', 'meno', '8']"
2023-03-05 21:06:36+00:00,La 4 et la 6,la 4 et la 6,"['la', '4', 'et', 'la', '6']"
2023-03-05 21:05:28+00:00,"5, 6,7",5 67,"['5', '67']"
2023-03-05 21:04:14+00:00,The First Season because thatâ€™ll get you watching #GoT #GameOfThrones #WinterIsComing,first season thatll get watch got gameofthron winteriscom,"['first', 'season', 'thatll', 'get', 'watch', 'got', 'gameofthron', 'winteriscom']"
2023-03-05 21:04:09+00:00,Pas la 5 en tout cas,pa la 5 en tout ca,"['pa', 'la', '5', 'en', 'tout', 'ca']"
2023-03-05 21:02:18+00:00,iâ€™m really enjoying season 6 so far,im realli enjoy season 6 far,"['im', 'realli', 'enjoy', 'season', '6', 'far']"
2023-03-05 21:00:44+00:00,Seasons 2-4,season 24,"['season', '24']"
2023-03-05 20:56:56+00:00,season 4 and 7,season 4 7,"['season', '4', '7']"
2023-03-05 20:49:36+00:00,amo mto todas de vdd a q nÃ£o desce sÃ³ Ã© a 8 por motivos Ã³bvios,amo mto toda de vdd q nÃ£o desc sÃ³ Ã© 8 por motivo Ã³bvio,"['amo', 'mto', 'toda', 'de', 'vdd', 'q', 'nÃ£o', 'desc', 'sÃ³', 'Ã©', '8', 'por', 'motivo', 'Ã³bvio']"
2023-03-05 20:47:55+00:00,imo the 6th,imo 6th,"['imo', '6th']"
2023-03-05 20:45:27+00:00,6-7ğŸ˜®â€ğŸ’¨,67,['67']
2023-03-05 20:45:11+00:00,La 7 sans hÃ©sitation,la 7 san hÃ©sitat,"['la', '7', 'san', 'hÃ©sitat']"
2023-03-05 20:45:05+00:00,Season 6 or 7,season 6 7,"['season', '6', '7']"
2023-03-05 20:43:48+00:00,My opinionâ€¦.s4 ğŸ˜©,opinions4,['opinions4']
2023-03-05 20:42:58+00:00,Shoot seasons 1-6,shoot season 16,"['shoot', 'season', '16']"
2023-03-05 20:41:28+00:00,3 e 4,3 e 4,"['3', 'e', '4']"
2023-03-05 20:39:47+00:00,Season 5,season 5,"['season', '5']"
2023-03-05 20:37:54+00:00,"hate me if you want but for me definitively 4, 6, 7 and 8",hate want definit 4 6 7 8,"['hate', 'want', 'definit', '4', '6', '7', '8']"
2023-03-05 20:37:20+00:00,Season 4 was the best season of the show,season 4 best season show,"['season', '4', 'best', 'season', 'show']"
2023-03-05 20:33:06+00:00,"1,4",14,['14']
2023-03-05 20:30:53+00:00,4 et 6 assurÃ©ment,4 et 6 assurÃ©,"['4', 'et', '6', 'assurÃ©']"
2023-03-05 20:29:47+00:00,S4 &amp; s6!!,s4 amp s6,"['s4', 'amp', 's6']"
2023-03-05 20:29:03+00:00,"Season 3,5,&amp;7. The last season was a disgusting disaster.",season 35amp7 last season disgust disast,"['season', '35amp7', 'last', 'season', 'disgust', 'disast']"
2023-03-05 20:28:57+00:00,"Season 1, 3,4,5 and Bastard of the battles.",season 1 345 bastard battl,"['season', '1', '345', 'bastard', 'battl']"
2023-03-05 20:28:38+00:00,"La 6 genre 150 millions de fois 
Je pourrais me faire les ep 9&amp;10 en boucle",la 6 genr 150 million de foi je pourrai fair le ep 9amp10 en boucl,"['la', '6', 'genr', '150', 'million', 'de', 'foi', 'je', 'pourrai', 'fair', 'le', 'ep', '9amp10', 'en', 'boucl']"
2023-03-05 20:27:55+00:00,saison 2 ou saison 4 c'Ã©tait incroyable,saison 2 ou saison 4 cÃ©tait incroy,"['saison', '2', 'ou', 'saison', '4', 'cÃ©tait', 'incroy']"
2023-03-05 20:26:06+00:00,1 till 6.,1 till 6,"['1', 'till', '6']"
2023-03-05 20:25:33+00:00,Season 4!!!,season 4,"['season', '4']"
2023-03-05 20:24:57+00:00,Saison 4 le prime,saison 4 le prime,"['saison', '4', 'le', 'prime']"
2023-03-05 20:24:49+00:00,1 to 5,1 5,"['1', '5']"
2023-03-05 20:22:59+00:00,6 y 7,6 7,"['6', '7']"
2023-03-05 20:22:51+00:00,Whichever season has the Red Wedding,whichev season red wed,"['whichev', 'season', 'red', 'wed']"
2023-03-05 20:22:22+00:00,"since u asked, Iâ€™ll rewatch just for u",sinc u ask ill rewatch u,"['sinc', 'u', 'ask', 'ill', 'rewatch', 'u']"
2023-03-05 20:22:18+00:00,2-4 and 6,24 6,"['24', '6']"
2023-03-05 20:20:51+00:00,nunca levo nem 2 dias completos p ver a 3 de novo,nunca levo nem 2 dia completo p ver 3 de novo,"['nunca', 'levo', 'nem', '2', 'dia', 'completo', 'p', 'ver', '3', 'de', 'novo']"
2023-03-05 20:20:36+00:00,iki kesinlikle. hatta ileri gideceÄŸim zaten dizideki en iyi sezon onda sÄ±kÄ±ntÄ± yok da sanÄ±rÄ±m dizi tarihindeki en iyi 2-3 sezondan da birisi ya.,iki kesinlikl hatta ileri gideceÄŸim zaten dizideki en iyi sezon onda sÄ±kÄ±ntÄ± yok da sanÄ±rÄ±m dizi tarihindeki en iyi 23 sezondan da birisi ya,"['iki', 'kesinlikl', 'hatta', 'ileri', 'gideceÄŸim', 'zaten', 'dizideki', 'en', 'iyi', 'sezon', 'onda', 'sÄ±kÄ±ntÄ±', 'yok', 'da', 'sanÄ±rÄ±m', 'dizi', 'tarihindeki', 'en', 'iyi', '23', 'sezondan', 'da', 'birisi', 'ya']"
2023-03-05 20:20:22+00:00,to na 5Â° e ja consigo sentir decaindo,na 5 e ja consigo sentir decaindo,"['na', '5', 'e', 'ja', 'consigo', 'sentir', 'decaindo']"
2023-03-05 20:19:23+00:00,3 or 4,3 4,"['3', '4']"
2023-03-05 20:19:14+00:00,I feel like Season 4 only because of Pedro Pascal but I never watched this show so,feel like season 4 pedro pascal never watch show,"['feel', 'like', 'season', '4', 'pedro', 'pascal', 'never', 'watch', 'show']"
2023-03-05 20:18:59+00:00,Allll ğŸ˜ğŸ˜ğŸ˜ğŸ˜ğŸ˜,allll,['allll']
2023-03-05 20:18:46+00:00,season two without a doubt,season two without doubt,"['season', 'two', 'without', 'doubt']"
2023-03-05 20:17:00+00:00,termino las 2 ultimas y t aviso,termino la 2 ultima aviso,"['termino', 'la', '2', 'ultima', 'aviso']"
2023-03-05 20:12:34+00:00,Any season between 1 and 6 but mostly 1 and 5.,season 1 6 mostli 1 5,"['season', '1', '6', 'mostli', '1', '5']"
2023-03-05 20:11:15+00:00,2-4,24,['24']
2023-03-05 20:10:16+00:00,4 ez,4 ez,"['4', 'ez']"
2023-03-05 20:10:07+00:00,Season 1 and Season 3 are the most consistent. You will rarely find a boring aor mind numbing stupid scene,season 1 season 3 consist rare find bore aor mind numb stupid scene,"['season', '1', 'season', '3', 'consist', 'rare', 'find', 'bore', 'aor', 'mind', 'numb', 'stupid', 'scene']"
2023-03-05 20:10:01+00:00,toutes sauf les deux derniÃ¨res,tout sauf le deux derniÃ¨r,"['tout', 'sauf', 'le', 'deux', 'derniÃ¨r']"
2023-03-05 20:09:00+00:00,None ğŸ¤,none,['none']
2023-03-05 20:08:38+00:00,The entire show bar the final season,entir show bar final season,"['entir', 'show', 'bar', 'final', 'season']"
2023-03-05 20:08:23+00:00,unpopular opinion peut-Ãªtre mais la saison 2 câ€™est la pire de toute la sÃ©rie,unpopular opinion peutÃªtr mai la saison 2 cest la pire de tout la sÃ©rie,"['unpopular', 'opinion', 'peutÃªtr', 'mai', 'la', 'saison', '2', 'cest', 'la', 'pire', 'de', 'tout', 'la', 'sÃ©rie']"
2023-03-05 20:07:26+00:00,"Season 6! All comes together. 7-8 are just a hot mess. After all the build up, we get trash.",season 6 come togeth 78 hot mess build get trash,"['season', '6', 'come', 'togeth', '78', 'hot', 'mess', 'build', 'get', 'trash']"
2023-03-05 20:07:00+00:00,2 and 4,2 4,"['2', '4']"
2023-03-05 20:05:16+00:00,Saison 1 fooort juste pour Ned,saison 1 fooort just pour ned,"['saison', '1', 'fooort', 'just', 'pour', 'ned']"
2023-03-05 19:53:47+00:00,La 6 ğŸ™,la 6,"['la', '6']"
2023-03-05 19:53:13+00:00,ALL OF THEM,,[]
2023-03-05 19:53:08+00:00,la 4e est vraiment incroyable,la 4e est vraiment incroy,"['la', '4e', 'est', 'vraiment', 'incroy']"
2023-03-05 19:50:01+00:00,Alllllllâ¤ï¸â¤ï¸â¤ï¸â¤ï¸â¤ï¸â¤ï¸â¤ï¸,alllllll,['alllllll']
2023-03-05 19:48:32+00:00,Season 4. There are 6 absolute BANGERS that season. The last season they were almost 100% book accurate too,season 4 6 absolut banger season last season almost 100 book accur,"['season', '4', '6', 'absolut', 'banger', 'season', 'last', 'season', 'almost', '100', 'book', 'accur']"
2023-03-05 19:47:31+00:00,s1 to s6,s1 s6,"['s1', 's6']"
2023-03-05 19:45:24+00:00,4/6,46,['46']
2023-03-05 19:44:27+00:00,season 4 is peak,season 4 peak,"['season', '4', 'peak']"
2023-03-05 19:44:14+00:00,Season 4.,season 4,"['season', '4']"
2023-03-05 19:44:13+00:00,All of em ğŸ’¯ğŸ’¯ğŸ’¯,em,['em']
2023-03-05 19:43:17+00:00,none - they all ring hollow when you know what they inevitably build up to.,none ring hollow know inevit build,"['none', 'ring', 'hollow', 'know', 'inevit', 'build']"
2023-03-05 19:41:07+00:00,Season 6/7,season 67,"['season', '67']"
2023-03-05 19:39:22+00:00,4!!!!!,4,['4']
2023-03-05 19:37:47+00:00,Qualquer uma das trÃªs primeiras,qualquer uma da trÃª primeira,"['qualquer', 'uma', 'da', 'trÃª', 'primeira']"
2023-03-05 19:37:43+00:00,4 and not even close,4 even close,"['4', 'even', 'close']"
2023-03-05 19:37:39+00:00,Saison 4 Ã  jamais dans l'histoire,saison 4 Ã  jamai dan lhistoir,"['saison', '4', 'Ã ', 'jamai', 'dan', 'lhistoir']"
2023-03-05 19:37:28+00:00,1-4 BUT S7 EP4 is probably the episode i rewatched the most ğŸ¥¹ğŸ¥°ğŸ¥°ğŸ¥°,14 s7 ep4 probabl episod rewatch,"['14', 's7', 'ep4', 'probabl', 'episod', 'rewatch']"
2023-03-05 19:36:31+00:00,A sexta temporada Ã© a melhor,sexta temporada Ã© melhor,"['sexta', 'temporada', 'Ã©', 'melhor']"
2023-03-05 19:36:17+00:00,La 4 et la 6 sont dans une autre dimension,la 4 et la 6 sont dan une autr dimens,"['la', '4', 'et', 'la', '6', 'sont', 'dan', 'une', 'autr', 'dimens']"
2023-03-05 19:34:38+00:00,4 e 5,4 e 5,"['4', 'e', '5']"
2023-03-05 19:33:10+00:00,"I love 4, 6 &amp; 7.",love 4 6 amp 7,"['love', '4', '6', 'amp', '7']"
2023-03-05 19:32:57+00:00,Saison 4 ou 7,saison 4 ou 7,"['saison', '4', 'ou', '7']"
2023-03-05 19:32:52+00:00,1-4 arasÄ±nda bir sezonu secmeyenler pingui seviyodur,14 arasÄ±nda bir sezonu secmeyenl pingui seviyodur,"['14', 'arasÄ±nda', 'bir', 'sezonu', 'secmeyenl', 'pingui', 'seviyodur']"
2023-03-05 19:30:46+00:00,All bar 8,bar 8,"['bar', '8']"
2023-03-05 19:30:40+00:00,"AssurÃ©ment la saison 4 ! On passe par toutes les Ã©motions dans celle-ci et elle reste, pour moi, lâ€™apogÃ©e de la sÃ©rie en terme de rythme, action, dialogues, tension et moments chocs ! #GameOfThrones https://t.co/XNjgaSkS0J",assurÃ© la saison 4 pass par tout le Ã©motion dan celleci et ell rest pour moi lapogÃ© de la sÃ©rie en term de rythm action dialogu tension et moment choc gameofthron httpstcoxnjgasks0j,"['assurÃ©', 'la', 'saison', '4', 'pass', 'par', 'tout', 'le', 'Ã©motion', 'dan', 'celleci', 'et', 'ell', 'rest', 'pour', 'moi', 'lapogÃ©', 'de', 'la', 'sÃ©rie', 'en', 'term', 'de', 'rythm', 'action', 'dialogu', 'tension', 'et', 'moment', 'choc', 'gameofthron', 'httpstcoxnjgasks0j']"
2023-03-05 19:30:26+00:00,6â€¦ and itâ€™s not even remotely close.,6 even remot close,"['6', 'even', 'remot', 'close']"
2023-03-05 19:29:07+00:00,La 5 !!!,la 5,"['la', '5']"
2023-03-05 19:28:42+00:00,1-4 got it,14 got,"['14', 'got']"
2023-03-05 19:25:09+00:00,Season 6 hands down,season 6 hand,"['season', '6', 'hand']"
2023-03-05 19:24:40+00:00,6 a szczegolnie zakonczenie,6 szczegolni zakonczeni,"['6', 'szczegolni', 'zakonczeni']"
2023-03-05 19:24:34+00:00,For me is season 4 and the episode of â€œbattle of the bastardsâ€,season 4 episod battl bastard,"['season', '4', 'episod', 'battl', 'bastard']"
2023-03-05 19:24:08+00:00,"a minha ordem era algo tipo: 4,3,1,6,2,5,7,8",minha ordem era algo tipo 43162578,"['minha', 'ordem', 'era', 'algo', 'tipo', '43162578']"
2023-03-05 19:23:32+00:00,idc what anyone says s6 is the most rewatchable,idc anyon say s6 rewatch,"['idc', 'anyon', 'say', 's6', 'rewatch']"
2023-03-05 19:23:17+00:00,4 o 6 FULL,4 6 full,"['4', '6', 'full']"
2023-03-05 19:22:05+00:00,Season 2-4 tbh itâ€™s was TOOO GOOD ! And season 6,season 24 tbh tooo good season 6,"['season', '24', 'tbh', 'tooo', 'good', 'season', '6']"
2023-03-05 19:21:33+00:00,season 3 and 4 for sure,season 3 4 sure,"['season', '3', '4', 'sure']"
2023-03-05 19:21:13+00:00,s1-s4 but definitely 4 more than everything else,s1s4 definit 4 everyth els,"['s1s4', 'definit', '4', 'everyth', 'els']"
2023-03-05 19:20:20+00:00,1-3 ğŸ¤­,13,['13']
2023-03-05 19:19:59+00:00,4 ou 5,4 ou 5,"['4', 'ou', '5']"
2023-03-05 19:19:13+00:00,SEXTAAAAA,sextaaaaa,['sextaaaaa']
2023-03-05 19:18:50+00:00,"Definitely, the first season.",definit first season,"['definit', 'first', 'season']"
2023-03-05 19:15:43+00:00,"Ø§Ù„Ø§ÙˆÙ„ ÙˆØ§Ù„Ø³Ø§Ø¯Ø³ Ù…Ù…ÙƒÙ† Ø§Ø¹ÙŠØ¯Ù‡Ù…
Ù…Ø§Ù‚Ø¨Ù„ Ø§Ù„Ø³Ø§Ø¯Ø³ Ø¬ÙŠØ¯ Ø¨Ø³ Ù…Ùˆ Ø§Ù…ØªØ¹ Ù…Ù† Ø§Ù„Ø§ÙˆÙ„ ÙˆØ§Ù„Ø³Ø§Ø¯Ø³
ÙˆÙ…Ø§Ø¨Ø¹Ø¯ Ø§Ù„Ø³Ø§Ø¯Ø³ Ù…Ù† Ø§Ø¨Ø´Ø¹ Ù…Ø§ Ø±Ø£ÙŠØª Ø±Ø§Ø­ Ø§Ø¹ØªØ¨Ø±Ù†ÙŠ Ù…Ø§Ø´ÙØªÙ‡Ø§ Ø®ØµÙˆØµØ§ Ø§Ù„Ø§Ø®ÙŠØ±",Ø§Ù„Ø§ÙˆÙ„ ÙˆØ§Ù„Ø³Ø§Ø¯Ø³ Ù…Ù…ÙƒÙ† Ø§Ø¹ÙŠØ¯Ù‡Ù… Ù…Ø§Ù‚Ø¨Ù„ Ø§Ù„Ø³Ø§Ø¯Ø³ Ø¬ÙŠØ¯ Ø¨Ø³ Ù…Ùˆ Ø§Ù…ØªØ¹ Ù…Ù† Ø§Ù„Ø§ÙˆÙ„ ÙˆØ§Ù„Ø³Ø§Ø¯Ø³ ÙˆÙ…Ø§Ø¨Ø¹Ø¯ Ø§Ù„Ø³Ø§Ø¯Ø³ Ù…Ù† Ø§Ø¨Ø´Ø¹ Ù…Ø§ Ø±Ø£ÙŠØª Ø±Ø§Ø­ Ø§Ø¹ØªØ¨Ø±Ù†ÙŠ Ù…Ø§Ø´ÙØªÙ‡Ø§ Ø®ØµÙˆØµØ§ Ø§Ù„Ø§Ø®ÙŠØ±,"['Ø§Ù„Ø§ÙˆÙ„', 'ÙˆØ§Ù„Ø³Ø§Ø¯Ø³', 'Ù…Ù…ÙƒÙ†', 'Ø§Ø¹ÙŠØ¯Ù‡Ù…', 'Ù…Ø§Ù‚Ø¨Ù„', 'Ø§Ù„Ø³Ø§Ø¯Ø³', 'Ø¬ÙŠØ¯', 'Ø¨Ø³', 'Ù…Ùˆ', 'Ø§Ù…ØªØ¹', 'Ù…Ù†', 'Ø§Ù„Ø§ÙˆÙ„', 'ÙˆØ§Ù„Ø³Ø§Ø¯Ø³', 'ÙˆÙ…Ø§Ø¨Ø¹Ø¯', 'Ø§Ù„Ø³Ø§Ø¯Ø³', 'Ù…Ù†', 'Ø§Ø¨Ø´Ø¹', 'Ù…Ø§', 'Ø±Ø£ÙŠØª', 'Ø±Ø§Ø­', 'Ø§Ø¹ØªØ¨Ø±Ù†ÙŠ', 'Ù…Ø§Ø´ÙØªÙ‡Ø§', 'Ø®ØµÙˆØµØ§', 'Ø§Ù„Ø§Ø®ÙŠØ±']"
2023-03-05 19:14:47+00:00,Saison 3 sans hÃ©sitation (mÃªme si le meilleur Ã©p reste l'Ã©p 10 de la saison 6),saison 3 san hÃ©sitat mÃªme si le meilleur Ã©p rest lÃ©p 10 de la saison 6,"['saison', '3', 'san', 'hÃ©sitat', 'mÃªme', 'si', 'le', 'meilleur', 'Ã©p', 'rest', 'lÃ©p', '10', 'de', 'la', 'saison', '6']"
2023-03-05 19:14:31+00:00,"Todas, siguiente pregunta?",toda siguient pregunta,"['toda', 'siguient', 'pregunta']"
2023-03-05 19:14:00+00:00,5 6 7 goated,5 6 7 goat,"['5', '6', '7', 'goat']"
2023-03-05 19:12:16+00:00,A 4Â° eu reassisto todo ano,4 eu reassisto todo ano,"['4', 'eu', 'reassisto', 'todo', 'ano']"
2023-03-05 19:10:38+00:00,si lo digo me tumban la cuenta,si lo digo tumban la cuenta,"['si', 'lo', 'digo', 'tumban', 'la', 'cuenta']"
2023-03-05 19:08:54+00:00,3rd,3rd,['3rd']
2023-03-05 19:08:45+00:00,Season 8 for sure â¤ï¸,season 8 sure,"['season', '8', 'sure']"
2023-03-05 19:08:02+00:00,1~4 sÃ£o as melhores,14 sÃ£o melhor,"['14', 'sÃ£o', 'melhor']"
2023-03-05 19:07:24+00:00,4 y 6 las que mÃ¡s,4 6 la que mÃ¡,"['4', '6', 'la', 'que', 'mÃ¡']"
2023-03-05 19:07:05+00:00,4 an itâ€™s absolutely clear,4 absolut clear,"['4', 'absolut', 'clear']"
2023-03-05 19:04:54+00:00,"Ù…ÙˆØ³Ù… Ù¤ 
Ù…ÙˆØ³Ù… Ù§
Ù…ÙˆØ³Ù… Ù¡ 
Ù…ÙˆØ³Ù… Ù£",Ù…ÙˆØ³Ù… Ù¤ Ù…ÙˆØ³Ù… Ù§ Ù…ÙˆØ³Ù… Ù¡ Ù…ÙˆØ³Ù… Ù£,"['Ù…ÙˆØ³Ù…', 'Ù¤', 'Ù…ÙˆØ³Ù…', 'Ù§', 'Ù…ÙˆØ³Ù…', 'Ù¡', 'Ù…ÙˆØ³Ù…', 'Ù£']"
2023-03-05 19:04:40+00:00,All of them but the last two because.. you know,last two know,"['last', 'two', 'know']"
2023-03-05 19:03:18+00:00,"GOT peaked with season 3-4..Red wedding, Mhysa, Joffrey dying, Tyrionâ€™s trial..writing &amp; performances thru out, these pivotal moments, ll soo good!!sseason 5 had its high moments like hardhome &amp; Dany flying in drogon etc but considering how it all ended seems underwhelming now!",got peak season 34red wed mhysa joffrey die tyrion trialwrit amp perform thru pivot moment soo goodsseason 5 high moment like hardhom amp dani fli drogon etc consid end seem underwhelm,"['got', 'peak', 'season', '34red', 'wed', 'mhysa', 'joffrey', 'die', 'tyrion', 'trialwrit', 'amp', 'perform', 'thru', 'pivot', 'moment', 'soo', 'goodsseason', '5', 'high', 'moment', 'like', 'hardhom', 'amp', 'dani', 'fli', 'drogon', 'etc', 'consid', 'end', 'seem', 'underwhelm']"
2023-03-05 19:02:55+00:00,Season 6 is there best season ever,season 6 best season ever,"['season', '6', 'best', 'season', 'ever']"
2023-03-05 19:02:44+00:00,terceira a maior de todas,terceira maior de toda,"['terceira', 'maior', 'de', 'toda']"
2023-03-05 19:00:16+00:00,4 for sure but I can easily rewatch the the first four seasons and season 6,4 sure easili rewatch first four season season 6,"['4', 'sure', 'easili', 'rewatch', 'first', 'four', 'season', 'season', '6']"
2023-03-05 18:56:33+00:00,"4, 5 y 6",4 5 6,"['4', '5', '6']"
2023-03-05 18:56:07+00:00,Season 6 is my favorite to rewatch ğŸ‘ŒğŸ¼,season 6 favorit rewatch,"['season', '6', 'favorit', 'rewatch']"
2023-03-05 18:56:02+00:00,For me itâ€™s 6,6,['6']
2023-03-05 18:55:19+00:00,s1 for the nostalgia and s2 for the masochism,s1 nostalgia s2 masoch,"['s1', 'nostalgia', 's2', 'masoch']"
2023-03-05 18:53:28+00:00,Five or Six.,five six,"['five', 'six']"
2023-03-05 18:50:30+00:00,Season 4!!,season 4,"['season', '4']"
2023-03-05 18:50:08+00:00,7ğŸ˜¥ğŸ˜¥ğŸ˜¥ğŸ˜¥ğŸ˜¥,7,['7']
2023-03-05 18:50:04+00:00,1 and 4,1 4,"['1', '4']"
2023-03-05 18:48:55+00:00,"1,2,3 e 5",123 e 5,"['123', 'e', '5']"
2023-03-05 18:48:32+00:00,Lâ€™enchaÃ®nement de la  saison 5 et 6 câ€™est une dinguerie ğŸ˜… (la 3 aussi est lÃ  pas mal) https://t.co/r87lIn9yfh,lenchaÃ®n de la saison 5 et 6 cest une dingueri la 3 aussi est lÃ  pa mal httpstcor87lin9yfh,"['lenchaÃ®n', 'de', 'la', 'saison', '5', 'et', '6', 'cest', 'une', 'dingueri', 'la', '3', 'aussi', 'est', 'lÃ ', 'pa', 'mal', 'httpstcor87lin9yfh']"
2023-03-05 18:47:50+00:00,kazdy dobry na swoj sposob ale pominmy istnienie osmego,kazdi dobri na swoj sposob ale pominmi istnieni osmego,"['kazdi', 'dobri', 'na', 'swoj', 'sposob', 'ale', 'pominmi', 'istnieni', 'osmego']"
2023-03-05 18:46:56+00:00,"I'm re-watching all 
On season 2 atm ğŸ˜„",im rewatch season 2 atm,"['im', 'rewatch', 'season', '2', 'atm']"
2023-03-05 18:46:21+00:00,Les saisons 3 et 4 câ€™est quelque chose quand mÃªme,le saison 3 et 4 cest quelqu chose quand mÃªme,"['le', 'saison', '3', 'et', '4', 'cest', 'quelqu', 'chose', 'quand', 'mÃªme']"
2023-03-05 18:45:18+00:00,"2 and 4, I think",2 4 think,"['2', '4', 'think']"
2023-03-05 18:42:39+00:00,all but 8,8,['8']
2023-03-05 18:40:48+00:00,Bro season 5 &amp; 6 best ever,bro season 5 amp 6 best ever,"['bro', 'season', '5', 'amp', '6', 'best', 'ever']"
2023-03-05 18:40:30+00:00,I personally would say 3,person would say 3,"['person', 'would', 'say', '3']"
2023-03-05 18:40:07+00:00,"None

GoT is not a re-watch material . Infact sitcoms and romance series thavira vera ethuvume re-watch material kedaiyathu . Scenes/episode yes but entire season rewatch panrathu romba khastam . Stranger Things S03 release ku munnadi S01 and S02 mattum re-watch paniruken",none got rewatch materi infact sitcom romanc seri thavira vera ethuvum rewatch materi kedaiyathu scenesepisod ye entir season rewatch panrathu romba khastam stranger thing s03 releas ku munnadi s01 s02 mattum rewatch paniruken,"['none', 'got', 'rewatch', 'materi', 'infact', 'sitcom', 'romanc', 'seri', 'thavira', 'vera', 'ethuvum', 'rewatch', 'materi', 'kedaiyathu', 'scenesepisod', 'ye', 'entir', 'season', 'rewatch', 'panrathu', 'romba', 'khastam', 'stranger', 'thing', 's03', 'releas', 'ku', 'munnadi', 's01', 's02', 'mattum', 'rewatch', 'paniruken']"
2023-03-05 18:39:25+00:00,i think season 1 to 4 was great... still waiting on a proper season 8ğŸ« ,think season 1 4 great still wait proper season 8,"['think', 'season', '1', '4', 'great', 'still', 'wait', 'proper', 'season', '8']"
2023-03-05 18:39:09+00:00,absolutely any of them,absolut,['absolut']
2023-03-05 18:38:21+00:00,Szn 6,szn 6,"['szn', '6']"
2023-03-05 18:36:43+00:00,3-4 and 6,34 6,"['34', '6']"
2023-03-05 18:35:21+00:00,The season cersei burnt his holiness the high speton and blew the Sept of baelor,season cersei burnt holi high speton blew sept baelor,"['season', 'cersei', 'burnt', 'holi', 'high', 'speton', 'blew', 'sept', 'baelor']"
2023-03-05 18:35:08+00:00,4/5,45,['45']
2023-03-05 18:30:53+00:00,s1-4,s14,['s14']
2023-03-05 18:30:52+00:00,Season 6 has the greatest peak in television history so...,season 6 greatest peak televis histori,"['season', '6', 'greatest', 'peak', 'televis', 'histori']"
2023-03-05 18:30:00+00:00,I constantly rewatch season 5-8 ğŸ¥´,constantli rewatch season 58,"['constantli', 'rewatch', 'season', '58']"
2023-03-05 18:29:58+00:00,1st and 3rd idc,1st 3rd idc,"['1st', '3rd', 'idc']"
2023-03-05 18:29:16+00:00,La quinta pero sin lugar a dudas.,la quinta pero sin lugar duda,"['la', 'quinta', 'pero', 'sin', 'lugar', 'duda']"
2023-03-05 18:29:05+00:00,4 e 6 ğŸ™ğŸ½ğŸ™ğŸ½,4 e 6,"['4', 'e', '6']"
2023-03-05 18:28:25+00:00,1-4 definitely,14 definit,"['14', 'definit']"
2023-03-05 18:28:21+00:00,gw sih sering rewatch s1-5,gw sih sere rewatch s15,"['gw', 'sih', 'sere', 'rewatch', 's15']"
2023-03-05 18:28:03+00:00,Itâ€™s between season 5 &amp; 6,season 5 amp 6,"['season', '5', 'amp', '6']"
2023-03-05 18:27:23+00:00,3-6 emmm maybe 7,36 emmm mayb 7,"['36', 'emmm', 'mayb', '7']"
2023-03-05 18:24:54+00:00,Season 4 by a lot,season 4 lot,"['season', '4', 'lot']"
2023-03-05 18:23:39+00:00,La 4 ct trop,la 4 ct trop,"['la', '4', 'ct', 'trop']"
2023-03-05 18:20:34+00:00,"Seasons 2,3 &amp; 4. And letâ€™s stop pretending as if season 6 was good, it wasnâ€™t",season 23 amp 4 let stop pretend season 6 good wasnt,"['season', '23', 'amp', '4', 'let', 'stop', 'pretend', 'season', '6', 'good', 'wasnt']"
2023-03-05 18:20:24+00:00,"1, 2, 3 e 4",1 2 3 e 4,"['1', '2', '3', 'e', '4']"
2023-03-05 18:17:58+00:00,Toutes.,tout,['tout']
2023-03-05 18:17:45+00:00,La Ãºnica respuesta correcta es la 4 y mo quiero pendejadas,la Ãºnica respuesta correcta es la 4 mo quiero pendejada,"['la', 'Ãºnica', 'respuesta', 'correcta', 'es', 'la', '4', 'mo', 'quiero', 'pendejada']"
2023-03-05 18:15:44+00:00,"Season 6, only for Winds Of Winter Episode.",season 6 wind winter episod,"['season', '6', 'wind', 'winter', 'episod']"
2023-03-05 18:14:40+00:00,"4, 100%",4 100,"['4', '100']"
2023-03-05 18:14:36+00:00,the answer is 4 always,answer 4 alway,"['answer', '4', 'alway']"
2023-03-05 18:14:07+00:00,Season 1,season 1,"['season', '1']"
2023-03-05 18:13:36+00:00,season 2 and 3,season 2 3,"['season', '2', '3']"
2023-03-05 18:12:46+00:00,Season 3 is the Best season in TV history,season 3 best season tv histori,"['season', '3', 'best', 'season', 'tv', 'histori']"
2023-03-05 18:12:06+00:00,3/6 and then HOTD,36 hotd,"['36', 'hotd']"
2023-03-05 18:10:27+00:00,Seasons 1-3 are legendary no cap,season 13 legendari cap,"['season', '13', 'legendari', 'cap']"
2023-03-05 18:10:15+00:00,La quarta. comunque c'Ã¨ da dire che quelle di mezzo sono le migliori,la quarta comunqu cÃ¨ da dire che quell di mezzo sono le migliori,"['la', 'quarta', 'comunqu', 'cÃ¨', 'da', 'dire', 'che', 'quell', 'di', 'mezzo', 'sono', 'le', 'migliori']"
2023-03-05 18:09:31+00:00,"2, 3 and 4...incredible stuff",2 3 4incred stuff,"['2', '3', '4incred', 'stuff']"
2023-03-05 18:09:07+00:00,4th and i rest my case,4th rest case,"['4th', 'rest', 'case']"
2023-03-05 18:07:50+00:00,6 for storyline 8 for sansa.,6 storylin 8 sansa,"['6', 'storylin', '8', 'sansa']"
2023-03-05 18:07:48+00:00,Season 6 and 7 for me. Reunion of the Starks is my absolute fave of #GOT,season 6 7 reunion stark absolut fave got,"['season', '6', '7', 'reunion', 'stark', 'absolut', 'fave', 'got']"
2023-03-05 18:07:38+00:00,"Season 4, 5, and 6!",season 4 5 6,"['season', '4', '5', '6']"
2023-03-05 18:07:18+00:00,tbh acho que dava re-watch a qualquer uma menos a Ãºltima,tbh acho que dava rewatch qualquer uma meno Ãºltima,"['tbh', 'acho', 'que', 'dava', 'rewatch', 'qualquer', 'uma', 'meno', 'Ãºltima']"
2023-03-05 18:06:51+00:00,"Gotta be 4, right?",got ta 4 right,"['got', 'ta', '4', 'right']"
2023-03-05 18:06:19+00:00,"1, 2, 3, 4, 5 e 6 sinto muito https://t.co/DuOjiGJWps",1 2 3 4 5 e 6 sinto muito httpstcoduojigjwp,"['1', '2', '3', '4', '5', 'e', '6', 'sinto', 'muito', 'httpstcoduojigjwp']"
2023-03-05 18:06:16+00:00,"4,5,6",456,['456']
2023-03-05 18:05:20+00:00,Tie between 3 and 4.,tie 3 4,"['tie', '3', '4']"
2023-03-05 18:05:01+00:00,"Ğ¡ĞµĞ·Ğ¾Ğ½Ğ¸ 1-4 Ğ·Ğ±Ñ
Ğ¡ĞµĞ·Ğ¾Ğ½ 5 meh
Ğ¡ĞµĞ·Ğ¾Ğ½ 6 meh
Ğ¡ĞµĞ·Ğ¾Ğ½ 7-8 Ğ½Ğµ Ğ¼Ğ°Ğ»Ğ¾ Ñ—ÑĞ½ÑƒĞ²Ğ°Ñ‚Ğ¸ Ğ²Ğ·Ğ°Ğ³Ğ°Ğ»Ñ–. 
//Ñ…Ğ¾Ñ‡Ñƒ Ğ·Ğ°Ğ·Ğ½Ğ°Ñ‡Ğ°Ñ‚Ğ¸, Ñ‰Ğ¾ Ğ² ÑƒÑÑ–Ñ… 8 ÑĞµĞ·Ğ¾Ğ½Ğ°Ñ… Ñ” ĞºĞ»Ğ°ÑĞ½Ñ– Ğ¼Ğ¾Ğ¼ĞµĞ½Ñ‚Ğ¸ Ñ‚Ğ° ĞºÑ€ÑƒÑ‚Ğ¸Ğ¹ Ğ²Ñ–Ğ·ÑƒĞ°Ğ». ĞĞ¾ Ğ· 5 ÑÑ†ĞµĞ½Ğ°Ñ€Ñ–Ğ¹ Ğ¿Ğ¾Ğ³Ñ–Ñ€ÑˆÑƒĞ²Ğ°Ğ²ÑÑ Ğ±Ñ–Ğ»ÑŒÑˆĞµ Ğ¹ Ğ±Ñ–Ğ»ÑŒÑˆĞµ",ÑĞµĞ·Ğ¾Ğ½Ğ¸ 14 Ğ·Ğ±Ñ ÑĞµĞ·Ğ¾Ğ½ 5 meh ÑĞµĞ·Ğ¾Ğ½ 6 meh ÑĞµĞ·Ğ¾Ğ½ 78 Ğ½Ğµ Ğ¼Ğ°Ğ»Ğ¾ Ñ—ÑĞ½ÑƒĞ²Ğ°Ñ‚Ğ¸ Ğ²Ğ·Ğ°Ğ³Ğ°Ğ»Ñ– Ñ…Ğ¾Ñ‡Ñƒ Ğ·Ğ°Ğ·Ğ½Ğ°Ñ‡Ğ°Ñ‚Ğ¸ Ñ‰Ğ¾ Ğ² ÑƒÑÑ–Ñ… 8 ÑĞµĞ·Ğ¾Ğ½Ğ°Ñ… Ñ” ĞºĞ»Ğ°ÑĞ½Ñ– Ğ¼Ğ¾Ğ¼ĞµĞ½Ñ‚Ğ¸ Ñ‚Ğ° ĞºÑ€ÑƒÑ‚Ğ¸Ğ¹ Ğ²Ñ–Ğ·ÑƒĞ°Ğ» Ğ½Ğ¾ Ğ· 5 ÑÑ†ĞµĞ½Ğ°Ñ€Ñ–Ğ¹ Ğ¿Ğ¾Ğ³Ñ–Ñ€ÑˆÑƒĞ²Ğ°Ğ²ÑÑ Ğ±Ñ–Ğ»ÑŒÑˆĞµ Ğ¹ Ğ±Ñ–Ğ»ÑŒÑˆĞµ,"['ÑĞµĞ·Ğ¾Ğ½Ğ¸', '14', 'Ğ·Ğ±Ñ', 'ÑĞµĞ·Ğ¾Ğ½', '5', 'meh', 'ÑĞµĞ·Ğ¾Ğ½', '6', 'meh', 'ÑĞµĞ·Ğ¾Ğ½', '78', 'Ğ½Ğµ', 'Ğ¼Ğ°Ğ»Ğ¾', 'Ñ—ÑĞ½ÑƒĞ²Ğ°Ñ‚Ğ¸', 'Ğ²Ğ·Ğ°Ğ³Ğ°Ğ»Ñ–', 'Ñ…Ğ¾Ñ‡Ñƒ', 'Ğ·Ğ°Ğ·Ğ½Ğ°Ñ‡Ğ°Ñ‚Ğ¸', 'Ñ‰Ğ¾', 'Ğ²', 'ÑƒÑÑ–Ñ…', '8', 'ÑĞµĞ·Ğ¾Ğ½Ğ°Ñ…', 'Ñ”', 'ĞºĞ»Ğ°ÑĞ½Ñ–', 'Ğ¼Ğ¾Ğ¼ĞµĞ½Ñ‚Ğ¸', 'Ñ‚Ğ°', 'ĞºÑ€ÑƒÑ‚Ğ¸Ğ¹', 'Ğ²Ñ–Ğ·ÑƒĞ°Ğ»', 'Ğ½Ğ¾', 'Ğ·', '5', 'ÑÑ†ĞµĞ½Ğ°Ñ€Ñ–Ğ¹', 'Ğ¿Ğ¾Ğ³Ñ–Ñ€ÑˆÑƒĞ²Ğ°Ğ²ÑÑ', 'Ğ±Ñ–Ğ»ÑŒÑˆĞµ', 'Ğ¹', 'Ğ±Ñ–Ğ»ÑŒÑˆĞµ']"
2023-03-05 18:04:48+00:00,"All Seasons ! 

Main Season 6 ğŸ”¥",season main season 6,"['season', 'main', 'season', '6']"
2023-03-05 18:02:31+00:00,"La 4ta siempre serÃ¡ mi favorita. 
â€”Consecuencias de la boda roja.
â€”La muerte del hdp de Joffrey
â€”Sale Oberyn Martell.
â€”El juicio de Tyrion.
â€”La caÃ­da de Tywin Lannister.
â€”La batalla del muro.
â€”Ramsay siendo Ramsay.
â€”EL JUICIO DE TYRION.
â€”Oberyn vr Gregor.
â€” Dany llega a Mereen.",la 4ta siempr serÃ¡ mi favorita consecuencia de la boda roja la muert del hdp de joffrey sale oberyn martel el juicio de tyrion la caÃ­da de tywin lannist la batalla del muro ramsay siendo ramsay el juicio de tyrion oberyn vr gregor dani llega mereen,"['la', '4ta', 'siempr', 'serÃ¡', 'mi', 'favorita', 'consecuencia', 'de', 'la', 'boda', 'roja', 'la', 'muert', 'del', 'hdp', 'de', 'joffrey', 'sale', 'oberyn', 'martel', 'el', 'juicio', 'de', 'tyrion', 'la', 'caÃ­da', 'de', 'tywin', 'lannist', 'la', 'batalla', 'del', 'muro', 'ramsay', 'siendo', 'ramsay', 'el', 'juicio', 'de', 'tyrion', 'oberyn', 'vr', 'gregor', 'dani', 'llega', 'mereen']"
2023-03-05 18:01:40+00:00,all,,[]
2023-03-05 18:01:11+00:00,S4 and s6,s4 s6,"['s4', 's6']"
2023-03-05 18:00:50+00:00,Whatever Season they made Cersei do the walk of Shame! Cersei came back blew all they asses up with some of her family included!,whatev season made cersei walk shame cersei came back blew ass famili includ,"['whatev', 'season', 'made', 'cersei', 'walk', 'shame', 'cersei', 'came', 'back', 'blew', 'ass', 'famili', 'includ']"
2023-03-05 18:00:12+00:00,galiba bu soruya 4.sezon diyeceÄŸim,galiba bu soruya 4sezon diyeceÄŸim,"['galiba', 'bu', 'soruya', '4sezon', 'diyeceÄŸim']"
2023-03-05 17:59:27+00:00,"1-4 Ñ†Ğµ Ñ”Ğ±ĞµĞ¹ÑˆĞ¸Ğ¹ Ğ¿Ñ–Ğº Ğ²ÑÑŒĞ¾Ğ³Ğ¾ 
5-6 Ğ±ÑƒĞ»Ğ¾ Ğ½Ğ¾Ñ€Ğ¼ Ğ´ĞµÑÑŒ Ğ½Ğ° Ñ€Ñ–Ğ²Ğ½Ñ– Ñ…Ğ¾Ñ‚Ğ´
7 Ğ½Ñƒ Ñ‚Ğ¸Ğ¿Ñƒ Ğ¾Ğº ???
8 ĞºÑ€Ğ°Ñ‰Ğµ Ğ± Ğ¹Ğ¾Ğ³Ğ¾ Ğ½Ñ–ĞºĞ¾Ğ»Ğ¸ Ğ½Ğµ Ğ±ÑƒĞ»Ğ¾",14 Ñ†Ğµ Ñ”Ğ±ĞµĞ¹ÑˆĞ¸Ğ¹ Ğ¿Ñ–Ğº Ğ²ÑÑŒĞ¾Ğ³Ğ¾ 56 Ğ±ÑƒĞ»Ğ¾ Ğ½Ğ¾Ñ€Ğ¼ Ğ´ĞµÑÑŒ Ğ½Ğ° Ñ€Ñ–Ğ²Ğ½Ñ– Ñ…Ğ¾Ñ‚Ğ´ 7 Ğ½Ñƒ Ñ‚Ğ¸Ğ¿Ñƒ Ğ¾Ğº 8 ĞºÑ€Ğ°Ñ‰Ğµ Ğ± Ğ¹Ğ¾Ğ³Ğ¾ Ğ½Ñ–ĞºĞ¾Ğ»Ğ¸ Ğ½Ğµ Ğ±ÑƒĞ»Ğ¾,"['14', 'Ñ†Ğµ', 'Ñ”Ğ±ĞµĞ¹ÑˆĞ¸Ğ¹', 'Ğ¿Ñ–Ğº', 'Ğ²ÑÑŒĞ¾Ğ³Ğ¾', '56', 'Ğ±ÑƒĞ»Ğ¾', 'Ğ½Ğ¾Ñ€Ğ¼', 'Ğ´ĞµÑÑŒ', 'Ğ½Ğ°', 'Ñ€Ñ–Ğ²Ğ½Ñ–', 'Ñ…Ğ¾Ñ‚Ğ´', '7', 'Ğ½Ñƒ', 'Ñ‚Ğ¸Ğ¿Ñƒ', 'Ğ¾Ğº', '8', 'ĞºÑ€Ğ°Ñ‰Ğµ', 'Ğ±', 'Ğ¹Ğ¾Ğ³Ğ¾', 'Ğ½Ñ–ĞºĞ¾Ğ»Ğ¸', 'Ğ½Ğµ', 'Ğ±ÑƒĞ»Ğ¾']"
2023-03-05 17:59:13+00:00,La saison 3-4 sÃ©rieux,la saison 34 sÃ©rieux,"['la', 'saison', '34', 'sÃ©rieux']"
2023-03-05 17:58:53+00:00,"A quarta temporada. VocÃª nem respirava, cada episÃ³dio um surto diferente",quarta temporada vocÃª nem respirava cada episÃ³dio um surto diferent,"['quarta', 'temporada', 'vocÃª', 'nem', 'respirava', 'cada', 'episÃ³dio', 'um', 'surto', 'diferent']"
2023-03-05 17:57:34+00:00,"3, 4 e 6.",3 4 e 6,"['3', '4', 'e', '6']"
2023-03-05 17:57:32+00:00,season 4&gt;,season 4gt,"['season', '4gt']"
2023-03-05 17:57:27+00:00,"Season 6,4&gt;&gt;&gt;&gt;&gt; rest of other in any order&gt;&gt;7&gt;&gt;8",season 64gtgtgtgtgt rest ordergtgt7gtgt8,"['season', '64gtgtgtgtgt', 'rest', 'ordergtgt7gtgt8']"
2023-03-05 17:57:17+00:00,a 4Â° temporada foi a melhor de todas,4 temporada foi melhor de toda,"['4', 'temporada', 'foi', 'melhor', 'de', 'toda']"
2023-03-05 17:56:09+00:00,"A segunda e a terceira sÃ£o as maiores, nada acima delas.",segunda e terceira sÃ£o maior nada acima dela,"['segunda', 'e', 'terceira', 'sÃ£o', 'maior', 'nada', 'acima', 'dela']"
2023-03-05 17:53:20+00:00,"4 temporada, Ã© tÃ£o satisfatÃ³rio assistir a morte do Joffrey.",4 temporada Ã© tÃ£o satisfatÃ³rio assistir mort joffrey,"['4', 'temporada', 'Ã©', 'tÃ£o', 'satisfatÃ³rio', 'assistir', 'mort', 'joffrey']"
2023-03-05 17:53:14+00:00,2/4/3 in that order.,243 order,"['243', 'order']"
2023-03-05 17:51:51+00:00,La saison 6 âœ¨ jâ€™ai jamais autant aimÃ© un final que celui de cette saison.,la saison 6 jai jamai autant aimÃ© un final que celui de cett saison,"['la', 'saison', '6', 'jai', 'jamai', 'autant', 'aimÃ©', 'un', 'final', 'que', 'celui', 'de', 'cett', 'saison']"
2023-03-05 17:51:13+00:00,"la temporada 7, dios mio el poder que maneja esa temporada",la temporada 7 dio mio el poder que maneja esa temporada,"['la', 'temporada', '7', 'dio', 'mio', 'el', 'poder', 'que', 'maneja', 'esa', 'temporada']"
2023-03-05 17:49:51+00:00,Season 4 was peak and season 6 felt the most earned,season 4 peak season 6 felt earn,"['season', '4', 'peak', 'season', '6', 'felt', 'earn']"
2023-03-05 17:49:45+00:00,Seasons 1-4,season 14,"['season', '14']"
2023-03-05 17:48:45+00:00,season 6 and season 1,season 6 season 1,"['season', '6', 'season', '1']"
2023-03-05 17:48:25+00:00,"Iâ€™ve actually re-watched season 6 , good season with tge hound and Arya and battle of the bastards. ğŸ‘ŠğŸ½",ive actual rewatch season 6 good season tge hound arya battl bastard,"['ive', 'actual', 'rewatch', 'season', '6', 'good', 'season', 'tge', 'hound', 'arya', 'battl', 'bastard']"
2023-03-05 17:48:23+00:00,sesson 1-3,sesson 13,"['sesson', '13']"
2023-03-05 17:48:20+00:00,1 y 6,1 6,"['1', '6']"
2023-03-05 17:47:48+00:00,5-6 easily,56 easili,"['56', 'easili']"
2023-03-05 17:47:33+00:00,2-6 (idk why people hate 6.) it gave us the â€œwinds of winterâ€ - literally the best episode in all of GOTâ€¦,26 idk peopl hate 6 gave us wind winter liter best episod got,"['26', 'idk', 'peopl', 'hate', '6', 'gave', 'us', 'wind', 'winter', 'liter', 'best', 'episod', 'got']"
2023-03-05 17:46:56+00:00,3demeyenle arayÄ± aÃ§arÄ±m,3demeyenl arayÄ± aÃ§arÄ±m,"['3demeyenl', 'arayÄ±', 'aÃ§arÄ±m']"
2023-03-05 17:46:52+00:00,Todas menos la 8va y algunos ep de la 5ta,toda meno la 8va alguno ep de la 5ta,"['toda', 'meno', 'la', '8va', 'alguno', 'ep', 'de', 'la', '5ta']"
2023-03-05 17:46:47+00:00,ovo kao da me pita koje dete najviÅ¡e volim ğŸ˜,ovo kao da pita koje dete najviÅ¡ volim,"['ovo', 'kao', 'da', 'pita', 'koje', 'dete', 'najviÅ¡', 'volim']"
2023-03-05 17:46:12+00:00,Lâ€™enchaÃ®nement saison 4-5â€¦ un 10/10 https://t.co/lUUMFXLx5N,lenchaÃ®n saison 45 un 1010 httpstcoluumfxlx5n,"['lenchaÃ®n', 'saison', '45', 'un', '1010', 'httpstcoluumfxlx5n']"
2023-03-05 17:45:31+00:00,"Las temporadas 2, 3 y 4 son lo mejor que dio la televisiÃ³n en su historia.",la temporada 2 3 4 son lo mejor que dio la televisiÃ³n en su historia,"['la', 'temporada', '2', '3', '4', 'son', 'lo', 'mejor', 'que', 'dio', 'la', 'televisiÃ³n', 'en', 'su', 'historia']"
2023-03-05 17:43:54+00:00,la 3 y la 4,la 3 la 4,"['la', '3', 'la', '4']"
2023-03-05 17:42:50+00:00,1 - 6,1 6,"['1', '6']"
2023-03-05 17:41:18+00:00,All of them.,,[]
2023-03-05 17:41:14+00:00,Tout est mo tout.,tout est mo tout,"['tout', 'est', 'mo', 'tout']"
2023-03-05 17:40:11+00:00,3 e 4 = suprassumo da tv mundial,3 e 4 suprassumo da tv mundial,"['3', 'e', '4', 'suprassumo', 'da', 'tv', 'mundial']"
2023-03-05 17:38:17+00:00,I donâ€™t know this show,dont know show,"['dont', 'know', 'show']"
2023-03-05 17:37:06+00:00,"5,6 y OBLIGAU 7",56 obligau 7,"['56', 'obligau', '7']"
2023-03-05 17:36:34+00:00,Season 4 and 1 for sure,season 4 1 sure,"['season', '4', '1', 'sure']"
2023-03-05 17:35:55+00:00,Acho que a primeira,acho que primeira,"['acho', 'que', 'primeira']"
2023-03-05 17:35:28+00:00,Soft spot pour le 4 Ã¨me,soft spot pour le 4 Ã¨me,"['soft', 'spot', 'pour', 'le', '4', 'Ã¨me']"
2023-03-05 17:35:02+00:00,I Wanna Say 3 or 4,wan na say 3 4,"['wan', 'na', 'say', '3', '4']"
2023-03-05 17:34:49+00:00,All of them except season 8,except season 8,"['except', 'season', '8']"
2023-03-05 17:34:19+00:00,1 - 4,1 4,"['1', '4']"
2023-03-05 17:33:33+00:00,"Either 3 or 4, but the first one isnâ€™t far behind",either 3 4 first one isnt far behind,"['either', '3', '4', 'first', 'one', 'isnt', 'far', 'behind']"
2023-03-05 17:33:07+00:00,1-7 ğŸ”¥,17,['17']
2023-03-05 17:33:02+00:00,The first 4 seasons are only getting better at every rewatch i swear,first 4 season get better everi rewatch swear,"['first', '4', 'season', 'get', 'better', 'everi', 'rewatch', 'swear']"
2023-03-05 17:32:55+00:00,6 for episodes 9 and 10 alone,6 episod 9 10 alon,"['6', 'episod', '9', '10', 'alon']"
2023-03-05 17:32:21+00:00,4 without a doubt. Best season for sure,4 without doubt best season sure,"['4', 'without', 'doubt', 'best', 'season', 'sure']"
2023-03-05 17:32:13+00:00,E se eu rever todas as temporadas? rsrs,e se eu rever toda temporada rsr,"['e', 'se', 'eu', 'rever', 'toda', 'temporada', 'rsr']"
2023-03-05 17:31:59+00:00,Seasons 2&amp;3 for me personally,season 2amp3 person,"['season', '2amp3', 'person']"
2023-03-05 17:31:50+00:00,Season 8 ğŸ‘¨â€ğŸ’»,season 8,"['season', '8']"
2023-03-05 17:30:55+00:00,La segunda gracias a las conversaciones entre Tyrion y Varys de esto no me saca nadie,la segunda gracia la conversacion entr tyrion vari de esto saca nadi,"['la', 'segunda', 'gracia', 'la', 'conversacion', 'entr', 'tyrion', 'vari', 'de', 'esto', 'saca', 'nadi']"
2023-03-05 17:30:55+00:00,Comment rÃ©pondre autre chose que la saison 6 la plus grande de tous les temps,comment rÃ©pondr autr chose que la saison 6 la plu grand de tou le temp,"['comment', 'rÃ©pondr', 'autr', 'chose', 'que', 'la', 'saison', '6', 'la', 'plu', 'grand', 'de', 'tou', 'le', 'temp']"
2023-03-05 17:30:45+00:00,"5, 6 and 7",5 6 7,"['5', '6', '7']"
2023-03-05 17:30:28+00:00,Season 3 or 4,season 3 4,"['season', '3', '4']"
2023-03-05 17:30:28+00:00,4 temporada obra prima,4 temporada obra prima,"['4', 'temporada', 'obra', 'prima']"
2023-03-05 17:29:09+00:00,the first season for sure,first season sure,"['first', 'season', 'sure']"
2023-03-05 17:28:01+00:00,Seasons 1-6,season 16,"['season', '16']"
2023-03-05 17:27:34+00:00,havenâ€™t rewatched the show yet but i feel like s4 would be incredible,havent rewatch show yet feel like s4 would incred,"['havent', 'rewatch', 'show', 'yet', 'feel', 'like', 's4', 'would', 'incred']"
2023-03-05 17:27:34+00:00,4-6 are the greatest seasons of television everâ€¦,46 greatest season televis ever,"['46', 'greatest', 'season', 'televis', 'ever']"
2023-03-05 17:27:11+00:00,"Omo, hard to pick one but Iâ€™ll go with season 6",omo hard pick one ill go season 6,"['omo', 'hard', 'pick', 'one', 'ill', 'go', 'season', '6']"
2023-03-05 17:26:43+00:00,Season 4 is the only answer,season 4 answer,"['season', '4', 'answer']"
2023-03-05 17:26:14+00:00,4 &amp; 6,4 amp 6,"['4', 'amp', '6']"
2023-03-05 17:25:39+00:00,"Season 4 is arguably the best season of TV ever. 

1. Season 4
2. Season 3
3. Season 6
4. Season 2
5. Season 1
6. Season 5
7. Season 7
8. Season 8",season 4 arguabl best season tv ever 1 season 4 2 season 3 3 season 6 4 season 2 5 season 1 6 season 5 7 season 7 8 season 8,"['season', '4', 'arguabl', 'best', 'season', 'tv', 'ever', '1', 'season', '4', '2', 'season', '3', '3', 'season', '6', '4', 'season', '2', '5', 'season', '1', '6', 'season', '5', '7', 'season', '7', '8', 'season', '8']"
2023-03-05 17:25:00+00:00,"4, almost every plot line comes full circled",4 almost everi plot line come full circl,"['4', 'almost', 'everi', 'plot', 'line', 'come', 'full', 'circl']"
2023-03-05 17:24:49+00:00,"season 3 !!! 

jaime and brienne, the red wedding and events leading to it, Daenerys taking the unsullied, bran and rickon trying to find jon, just chef's fucking kiss!!",season 3 jaim brienn red wed event lead daeneri take unsulli bran rickon tri find jon chef fuck kiss,"['season', '3', 'jaim', 'brienn', 'red', 'wed', 'event', 'lead', 'daeneri', 'take', 'unsulli', 'bran', 'rickon', 'tri', 'find', 'jon', 'chef', 'fuck', 'kiss']"
2023-03-05 17:24:41+00:00,not 8,8,['8']
2023-03-05 17:24:31+00:00,"Jamais consegui rever 1 sÃ³! 

Sempre revejo tds!!! Preciso atÃ© rever novamente!!!",jamai consegui rever 1 sÃ³ sempr revejo td preciso atÃ© rever novament,"['jamai', 'consegui', 'rever', '1', 'sÃ³', 'sempr', 'revejo', 'td', 'preciso', 'atÃ©', 'rever', 'novament']"
2023-03-05 17:23:27+00:00,4th season,4th season,"['4th', 'season']"
2023-03-05 17:22:39+00:00,4 &amp; 5,4 amp 5,"['4', 'amp', '5']"
2023-03-05 17:22:15+00:00,People who are quoting s3 here.. red wedding yaad nahi kya tum logon koğŸ˜­ğŸ˜­ğŸ˜­,peopl quot s3 red wed yaad nahi kya tum logon ko,"['peopl', 'quot', 's3', 'red', 'wed', 'yaad', 'nahi', 'kya', 'tum', 'logon', 'ko']"
2023-03-05 17:21:34+00:00,season 4/5 best,season 45 best,"['season', '45', 'best']"
2023-03-05 17:21:23+00:00,4 nÃ©,4 nÃ©,"['4', 'nÃ©']"
2023-03-05 17:21:20+00:00,La 4,la 4,"['la', '4']"
2023-03-05 17:21:16+00:00,https://t.co/2pCiec3ZBh,httpstco2pciec3zbh,['httpstco2pciec3zbh']
2023-03-05 17:21:11+00:00,season 6 ğŸ«¡,season 6,"['season', '6']"
2023-03-05 17:20:31+00:00,la 4 imo,la 4 imo,"['la', '4', 'imo']"
2023-03-05 17:20:23+00:00,Season 7,season 7,"['season', '7']"
2023-03-05 17:19:28+00:00,la terza probabilmente,la terza probabilment,"['la', 'terza', 'probabilment']"
2023-03-05 17:19:24+00:00,5!!!!,5,['5']
2023-03-05 17:18:56+00:00,szn 1 and 4 for me.,szn 1 4,"['szn', '1', '4']"
2023-03-05 17:18:34+00:00,"la temporada no lo sÃ© pero el capÃ­tulo el de la batalla de los bastardos, es superior",la temporada lo sÃ© pero el capÃ­tulo el de la batalla de lo bastardo es superior,"['la', 'temporada', 'lo', 'sÃ©', 'pero', 'el', 'capÃ­tulo', 'el', 'de', 'la', 'batalla', 'de', 'lo', 'bastardo', 'es', 'superior']"
2023-03-05 17:18:27+00:00,"La quattro &gt;&gt;&gt;&gt;
Oppure la sei ma solo per gli ultimi due episodi",la quattro gtgtgtgt oppur la sei solo per gli ultimi due episodi,"['la', 'quattro', 'gtgtgtgt', 'oppur', 'la', 'sei', 'solo', 'per', 'gli', 'ultimi', 'due', 'episodi']"
2023-03-05 17:18:27+00:00,4. No doubt.,4 doubt,"['4', 'doubt']"
2023-03-05 17:18:27+00:00,Season 2-6 is elite TV.,season 26 elit tv,"['season', '26', 'elit', 'tv']"
2023-03-05 17:18:08+00:00,"1-4
eu tava revendo cheguei na 5 e parei pq mt chata",14 eu tava revendo cheguei na 5 e parei pq mt chata,"['14', 'eu', 'tava', 'revendo', 'cheguei', 'na', '5', 'e', 'parei', 'pq', 'mt', 'chata']"
2023-03-05 17:17:22+00:00,"2 bc it has my favorite supporting characters (renly, tyrells, shae) while my favorite main has an incredible storyline (theon)",2 bc favorit support charact renli tyrel shae favorit main incred storylin theon,"['2', 'bc', 'favorit', 'support', 'charact', 'renli', 'tyrel', 'shae', 'favorit', 'main', 'incred', 'storylin', 'theon']"
2023-03-05 17:17:04+00:00,mmm probably season 5 or 6,mmm probabl season 5 6,"['mmm', 'probabl', 'season', '5', '6']"
2023-03-05 17:15:54+00:00,6 or 4,6 4,"['6', '4']"
2023-03-05 17:14:23+00:00,Season 4 was so satisfying but id also say season 6 cus of the last episode and battle of the bastards,season 4 satisfi id also say season 6 cu last episod battl bastard,"['season', '4', 'satisfi', 'id', 'also', 'say', 'season', '6', 'cu', 'last', 'episod', 'battl', 'bastard']"
2023-03-05 17:13:36+00:00,"3, 4 and maybe 5 too",3 4 mayb 5,"['3', '4', 'mayb', '5']"
2023-03-05 17:13:26+00:00,a quinta Ã© muuuuito boa e tem provavelmente o melhor pÃ´ster,quinta Ã© muuuuito boa e tem provavelment melhor pÃ´ster,"['quinta', 'Ã©', 'muuuuito', 'boa', 'e', 'tem', 'provavelment', 'melhor', 'pÃ´ster']"
2023-03-05 17:13:00+00:00,S1 and s4,s1 s4,"['s1', 's4']"
2023-03-05 17:12:50+00:00,https://t.co/CIJhmIxi0S,httpstcocijhmixi0,['httpstcocijhmixi0']
2023-03-05 17:12:15+00:00,3 &amp; 4 is where it had me on edge the most,3 amp 4 edg,"['3', 'amp', '4', 'edg']"
2023-03-05 17:12:11+00:00,a 4Â° pelo simples fato de ser a melhor,4 pelo simpl fato de ser melhor,"['4', 'pelo', 'simpl', 'fato', 'de', 'ser', 'melhor']"
2023-03-05 17:11:58+00:00,Seasons 1 2 and 4. Red Wedding makes season 3 less rewatchable,season 1 2 4 red wed make season 3 less rewatch,"['season', '1', '2', '4', 'red', 'wed', 'make', 'season', '3', 'less', 'rewatch']"
2023-03-05 17:11:12+00:00,season 4 in MY opinion,season 4 opinion,"['season', '4', 'opinion']"
2023-03-05 17:11:11+00:00,4 easy,4 easi,"['4', 'easi']"
2023-03-05 17:11:02+00:00,1-6 were the best,16 best,"['16', 'best']"
2023-03-05 17:10:57+00:00,sto x fare una confessione io sono ferma alla stagione 3 perchÃ© poi mi sono rotta di continuare https://t.co/9Z90lyS3oJ,sto x fare una confession io sono ferma alla stagion 3 perchÃ© poi mi sono rotta di continuar httpstco9z90lys3oj,"['sto', 'x', 'fare', 'una', 'confession', 'io', 'sono', 'ferma', 'alla', 'stagion', '3', 'perchÃ©', 'poi', 'mi', 'sono', 'rotta', 'di', 'continuar', 'httpstco9z90lys3oj']"
2023-03-05 17:09:59+00:00,"1,2- got deeper into the lores, 3 and 4 solid. 5&amp;6 for entertainment purposes and passable dialogues. However, kill the rest with holy water.",12 got deeper lore 3 4 solid 5amp6 entertain purpos passabl dialogu howev kill rest holi water,"['12', 'got', 'deeper', 'lore', '3', '4', 'solid', '5amp6', 'entertain', 'purpos', 'passabl', 'dialogu', 'howev', 'kill', 'rest', 'holi', 'water']"
2023-03-05 17:09:57+00:00,all of em i like pain,em like pain,"['em', 'like', 'pain']"
2023-03-05 17:08:57+00:00,For myself? S1 and S6! I love Ned and the Battle of the Bastards,s1 s6 love ned battl bastard,"['s1', 's6', 'love', 'ned', 'battl', 'bastard']"
2023-03-05 17:08:37+00:00,season 2 or 4,season 2 4,"['season', '2', '4']"
2023-03-05 17:06:39+00:00,3-4 âœ¨âœ¨âœ¨âœ¨ğŸ«¶ğŸ»ğŸ«¶ğŸ»,34,['34']
2023-03-05 17:06:31+00:00,De la 1 a la 6.,de la 1 la 6,"['de', 'la', '1', 'la', '6']"
2023-03-05 17:06:21+00:00,"Season 2,4,6",season 246,"['season', '246']"
2023-03-05 17:05:48+00:00,"I remember in the middle of doing an all nighter for exams, I just wanted to check a detail in the opening credits. I ended rewatching the whole of season 4",rememb middl nighter exam want check detail open credit end rewatch whole season 4,"['rememb', 'middl', 'nighter', 'exam', 'want', 'check', 'detail', 'open', 'credit', 'end', 'rewatch', 'whole', 'season', '4']"
2023-03-05 17:04:18+00:00,seasons 1-6ğŸ¥¹ğŸ¥¹,season 16,"['season', '16']"
2023-03-05 17:04:12+00:00,"season 4 had such a great payoff because the anticipation that was built up in season 3, which did so well because the plots of season 2 were so well done, which was a great aftermath to the worldbuilding and even better plot of season 1. soâ€¦. 1-4.",season 4 great payoff anticip built season 3 well plot season 2 well done great aftermath worldbuild even better plot season 1 14,"['season', '4', 'great', 'payoff', 'anticip', 'built', 'season', '3', 'well', 'plot', 'season', '2', 'well', 'done', 'great', 'aftermath', 'worldbuild', 'even', 'better', 'plot', 'season', '1', '14']"
2023-03-05 17:04:11+00:00,Season 5 the best season by far,season 5 best season far,"['season', '5', 'best', 'season', 'far']"
2023-03-05 17:04:03+00:00,AtÃ© a season 4 sÃ£o todas 100% re-watchable.,atÃ© season 4 sÃ£o toda 100 rewatch,"['atÃ©', 'season', '4', 'sÃ£o', 'toda', '100', 'rewatch']"
2023-03-05 17:03:39+00:00,Season 3 and 4 were pretty banging,season 3 4 pretti bang,"['season', '3', '4', 'pretti', 'bang']"
2023-03-05 17:02:44+00:00,7 and 4 easily: 8 too kinda tbh,7 4 easili 8 kinda tbh,"['7', '4', 'easili', '8', 'kinda', 'tbh']"
2023-03-05 17:02:19+00:00,Any of the first 4,first 4,"['first', '4']"
2023-03-05 17:02:12+00:00,"All except S8
My personal fav and most rewatched is S7. But only because of Jonerys",except s8 person fav rewatch s7 joneri,"['except', 's8', 'person', 'fav', 'rewatch', 's7', 'joneri']"
2023-03-05 17:02:07+00:00,A 3 e 4 sÃ£o o Ã¡pice da maior sÃ©rie da histÃ³ria,3 e 4 sÃ£o Ã¡pice da maior sÃ©rie da histÃ³ria,"['3', 'e', '4', 'sÃ£o', 'Ã¡pice', 'da', 'maior', 'sÃ©rie', 'da', 'histÃ³ria']"
2023-03-05 17:01:48+00:00,a 6 e a 7 temporada vey coisa de outro mundo parecia q eu passava 1h cheirando cocaina...tem que mandar canonizar todas as pessoas que ajudaram na produÃ§Ã£o dessas 2 temporadas https://t.co/Gknrrnwbpi,6 e 7 temporada vey coisa de outro mundo parecia q eu passava 1h cheirando cocainatem que mandar canonizar toda pessoa que ajudaram na produÃ§Ã£o dessa 2 temporada httpstcogknrrnwbpi,"['6', 'e', '7', 'temporada', 'vey', 'coisa', 'de', 'outro', 'mundo', 'parecia', 'q', 'eu', 'passava', '1h', 'cheirando', 'cocainatem', 'que', 'mandar', 'canonizar', 'toda', 'pessoa', 'que', 'ajudaram', 'na', 'produÃ§Ã£o', 'dessa', '2', 'temporada', 'httpstcogknrrnwbpi']"
2023-03-05 17:01:17+00:00,ovu seriju sam gledala dok Joffrey nije umro,ovu seriju sam gledala dok joffrey nije umro,"['ovu', 'seriju', 'sam', 'gledala', 'dok', 'joffrey', 'nije', 'umro']"
2023-03-05 17:00:52+00:00,Les premiÃ¨res,le premiÃ¨r,"['le', 'premiÃ¨r']"
2023-03-05 17:00:30+00:00,1 atÃ© a 4,1 atÃ© 4,"['1', 'atÃ©', '4']"
2023-03-05 17:00:15+00:00,Season 6 is a masterpiece and for me the show ended here,season 6 masterpiec show end,"['season', '6', 'masterpiec', 'show', 'end']"
2023-03-05 17:00:09+00:00,4-6 https://t.co/zXlHYQiAQN,46 httpstcozxlhyqiaqn,"['46', 'httpstcozxlhyqiaqn']"
2023-03-05 17:00:01+00:00,La 6ta es la mejor de todas no acepto ninguna discusiÃ³n,la 6ta es la mejor de toda acepto ninguna discusiÃ³n,"['la', '6ta', 'es', 'la', 'mejor', 'de', 'toda', 'acepto', 'ninguna', 'discusiÃ³n']"
2023-03-05 16:58:49+00:00,"4, 5 &amp; 7",4 5 amp 7,"['4', '5', 'amp', '7']"
2023-03-05 16:58:13+00:00,"Acho que a sexta? Batalha dos bastardos, Arya saindo de Braavos, explosÃ£o do septo de Baelor",acho que sexta batalha do bastardo arya saindo de braavo explosÃ£o septo de baelor,"['acho', 'que', 'sexta', 'batalha', 'do', 'bastardo', 'arya', 'saindo', 'de', 'braavo', 'explosÃ£o', 'septo', 'de', 'baelor']"
2023-03-05 16:57:52+00:00,seasons 4-7 is masterpiece ğŸ¤¤,season 47 masterpiec,"['season', '47', 'masterpiec']"
2023-03-05 16:57:50+00:00,"2, 4, 6
Despite 7-8 being the worse iâ€™ll still keep it above 3 because I donâ€™t think I can experience red wedding ever again",2 4 6 despit 78 wors ill still keep 3 dont think experi red wed ever,"['2', '4', '6', 'despit', '78', 'wors', 'ill', 'still', 'keep', '3', 'dont', 'think', 'experi', 'red', 'wed', 'ever']"
2023-03-05 16:57:48+00:00,This might upset some people but none of the seasons are worth rewatching. Honestly one run through of this show is enough and that's even for the good seasons.,might upset peopl none season worth rewatch honestli one run show enough that even good season,"['might', 'upset', 'peopl', 'none', 'season', 'worth', 'rewatch', 'honestli', 'one', 'run', 'show', 'enough', 'that', 'even', 'good', 'season']"
2023-03-05 16:57:32+00:00,la 6 câ€™est ma pref et pas juste parce que Cersei a dÃ©cidÃ© de se la jouer Daesh Ã©videment,la 6 cest pref et pa just parc que cersei dÃ©cidÃ© de se la jouer daesh Ã©videment,"['la', '6', 'cest', 'pref', 'et', 'pa', 'just', 'parc', 'que', 'cersei', 'dÃ©cidÃ©', 'de', 'se', 'la', 'jouer', 'daesh', 'Ã©videment']"
2023-03-05 16:57:26+00:00,Meni 4. i 6. ğŸ˜ğŸ”¥,meni 4 6,"['meni', '4', '6']"
2023-03-05 16:57:11+00:00,4 e 6 tudo de bom,4 e 6 tudo de bom,"['4', 'e', '6', 'tudo', 'de', 'bom']"
2023-03-05 16:57:02+00:00,"1,4 &amp;6",14 amp6,"['14', 'amp6']"
2023-03-05 16:56:59+00:00,game of thrones season 6 is the greatest season in television history,game throne season 6 greatest season televis histori,"['game', 'throne', 'season', '6', 'greatest', 'season', 'televis', 'histori']"
2023-03-05 16:56:50+00:00,3 and 6 prolly,3 6 prolli,"['3', '6', 'prolli']"
2023-03-05 16:56:33+00:00,https://t.co/uBMl7tQbcl,httpstcoubml7tqbcl,['httpstcoubml7tqbcl']
2023-03-05 16:56:09+00:00,"season 4&amp;6,no doubt",season 4amp6no doubt,"['season', '4amp6no', 'doubt']"
2023-03-05 16:55:51+00:00,definitely not the 8th one.,definit 8th one,"['definit', '8th', 'one']"
2023-03-05 16:55:34+00:00,the fourth,fourth,['fourth']
2023-03-05 16:55:25+00:00,La terza e la seconda. La quarta non completamente perchÃ© per alcune scene ho giÃ  gli incubi,la terza e la seconda la quarta non completament perchÃ© per alcun scene ho giÃ  gli incubi,"['la', 'terza', 'e', 'la', 'seconda', 'la', 'quarta', 'non', 'completament', 'perchÃ©', 'per', 'alcun', 'scene', 'ho', 'giÃ ', 'gli', 'incubi']"
2023-03-05 16:55:15+00:00,5 y 6,5 6,"['5', '6']"
2023-03-05 16:55:09+00:00,3 or 7,3 7,"['3', '7']"
2023-03-05 16:54:32+00:00,a 6a temporada Ã© mt saborosa,6a temporada Ã© mt saborosa,"['6a', 'temporada', 'Ã©', 'mt', 'saborosa']"
2023-03-05 16:53:52+00:00,"4, easyyy",4 easyyi,"['4', 'easyyi']"
2023-03-05 16:53:50+00:00,1 and maybe 2. None of the others are worth going back to.,1 mayb 2 none other worth go back,"['1', 'mayb', '2', 'none', 'other', 'worth', 'go', 'back']"
2023-03-05 16:53:46+00:00,"The last one, the sixth! https://t.co/eUA1UOMAgs",last one sixth httpstcoeua1uomag,"['last', 'one', 'sixth', 'httpstcoeua1uomag']"
2023-03-05 16:53:38+00:00,"4,6, e 3 temporada",46 e 3 temporada,"['46', 'e', '3', 'temporada']"
2023-03-05 16:53:26+00:00,la 5 y la 6 ğŸ›ğŸ›ğŸ›ğŸ›,la 5 la 6,"['la', '5', 'la', '6']"
2023-03-05 16:53:09+00:00,S03 and S05,s03 s05,"['s03', 's05']"
2023-03-05 16:52:50+00:00,1 to to 7 Ø§Ù„Ø«Ø§Ù…Ù† Ù…Ø¨ Ù„Ø§Ø²Ù…,1 7 Ø§Ù„Ø«Ø§Ù…Ù† Ù…Ø¨ Ù„Ø§Ø²Ù…,"['1', '7', 'Ø§Ù„Ø«Ø§Ù…Ù†', 'Ù…Ø¨', 'Ù„Ø§Ø²Ù…']"
2023-03-05 16:52:28+00:00,4 ama 6,4 ama 6,"['4', 'ama', '6']"
2023-03-05 16:51:59+00:00,4 e 6,4 e 6,"['4', 'e', '6']"
2023-03-05 16:51:50+00:00,"season4,6",season46,['season46']
2023-03-05 16:51:39+00:00,"La saison 4, sans aucun dÃ©bat possible.",la saison 4 san aucun dÃ©bat possibl,"['la', 'saison', '4', 'san', 'aucun', 'dÃ©bat', 'possibl']"
2023-03-05 16:50:40+00:00,Which Game Of Thrones season is the most re-watchable? ğŸ¤” https://t.co/vL2AvrXstT,game throne season rewatch httpstcovl2avrxstt,"['game', 'throne', 'season', 'rewatch', 'httpstcovl2avrxstt']"
